spec,compartment,plot.id,abundance
AAL,unlogged,N15_5_100,1
AAL,unlogged,N15_5_50,1
AAL,logged,N3_1_190,1
AAL,logged,N3_1_20,1
AAL,logged,N3_1_200,1
AAL,logged,N3_2_160,1
AAL,logged,N3_2_250,6
AAL,logged,N3_2_80,1
AAL,logged,N3_5_100,2
AAL,logged,N3_5_20,2
AAL,logged,N3_5_40,1
AB,unlogged,N15_1_100,1
AB,unlogged,N15_1_140,1
AB,unlogged,N15_1_150,3
AB,unlogged,N15_1_20,1
AB,unlogged,N15_1_200,6
AB,unlogged,N15_1_30,1
AB,unlogged,N15_1_50,1
AB,unlogged,N15_1_70,1
AB,unlogged,N15_2_10,1
AB,unlogged,N15_2_140,2
AB,unlogged,N15_2_160,1
AB,unlogged,N15_2_180,1
AB,unlogged,N15_2_20,1
AB,unlogged,N15_2_30,1
AB,unlogged,N15_2_40,3
AB,unlogged,N15_2_50,2
AB,unlogged,N15_2_60,1
AB,unlogged,N15_2_70,1
AB,unlogged,N15_2_80,1
AB,unlogged,N15_3_110,1
AB,unlogged,N15_3_120,1
AB,unlogged,N15_3_150,1
AB,unlogged,N15_3_170,1
AB,unlogged,N15_3_40,1
AB,unlogged,N15_3_50,1
AB,unlogged,N15_3_80,1
AB,unlogged,N15_4_100,1
AB,unlogged,N15_4_120,1
AB,unlogged,N15_4_140,1
AB,unlogged,N15_4_150,1
AB,unlogged,N15_4_160,2
AB,unlogged,N15_4_40,3
AB,unlogged,N15_4_50,1
AB,unlogged,N15_4_60,1
AB,unlogged,N15_4_70,2
AB,unlogged,N15_5_100,1
AB,unlogged,N15_5_110,1
AB,unlogged,N15_5_130,3
AB,unlogged,N15_5_140,1
AB,unlogged,N15_5_150,1
AB,unlogged,N15_5_190,1
AB,unlogged,N15_5_20,1
AB,unlogged,N15_5_200,1
AB,unlogged,N15_5_70,3
AB,unlogged,N15_5_80,1
AB,logged,N3_1_10,1
AB,logged,N3_1_130,2
AB,logged,N3_1_150,1
AB,logged,N3_1_160,1
AB,logged,N3_1_170,1
AB,logged,N3_1_180,2
AB,logged,N3_1_190,1
AB,logged,N3_1_20,1
AB,logged,N3_1_200,1
AB,logged,N3_1_30,1
AB,logged,N3_1_90,1
AB,logged,N3_2_100,2
AB,logged,N3_2_120,2
AB,logged,N3_2_160,1
AB,logged,N3_2_170,2
AB,logged,N3_2_200,2
AB,logged,N3_2_210,1
AB,logged,N3_2_220,1
AB,logged,N3_2_250,1
AB,logged,N3_2_30,2
AB,logged,N3_2_40,1
AB,logged,N3_2_60,2
AB,logged,N3_2_90,1
AB,logged,N3_3_10,2
AB,logged,N3_3_130,1
AB,logged,N3_3_160,2
AB,logged,N3_3_20,1
AB,logged,N3_3_50,1
AB,logged,N3_3_60,1
AB,logged,N3_4_10,1
AB,logged,N3_4_110,2
AB,logged,N3_4_140,1
AB,logged,N3_4_160,3
AB,logged,N3_5_10,1
AB,logged,N3_5_100,1
AB,logged,N3_5_120,1
AB,logged,N3_5_20,1
AB,logged,N3_5_200,1
AB,logged,N3_5_40,1
AC,logged,N3_4_100,1
AGL,unlogged,N15_2_180,1
AGL,unlogged,N15_3_190,1
AGL,unlogged,N15_3_200,1
AGL,unlogged,N15_4_140,1
AGL,logged,N3_1_80,1
AGL,logged,N3_2_140,1
AGL,logged,N3_3_120,1
AGL,logged,N3_3_30,2
AL,unlogged,N15_1_170,1
AL,unlogged,N15_1_190,1
AL,unlogged,N15_3_10,1
AL,unlogged,N15_4_150,4
AL,unlogged,N15_5_150,1
AL,logged,N3_1_120,1
AL,logged,N3_1_170,1
AL,logged,N3_2_100,3
AL,logged,N3_2_110,2
AL,logged,N3_2_170,1
AL,logged,N3_2_240,3
AL,logged,N3_2_50,4
AL,logged,N3_2_90,2
AL,logged,N3_3_10,4
AL,logged,N3_3_30,1
AL,logged,N3_3_50,3
AL,logged,N3_3_60,2
AL,logged,N3_3_70,3
AL,logged,N3_4_10,1
AL,logged,N3_4_110,5
AL,logged,N3_4_20,1
AL,logged,N3_4_30,2
AL,logged,N3_4_60,1
AL,logged,N3_4_90,1
AL,logged,N3_5_10,3
AL,logged,N3_5_110,1
AL,logged,N3_5_130,1
AL,logged,N3_5_160,1
AL,logged,N3_5_170,2
AL,logged,N3_5_80,8
AL,logged,N3_5_90,1
ALB,logged,N3_2_70,3
ALD,unlogged,N15_3_110,1
ALD,logged,N3_5_210,2
AN,logged,N3_5_150,1
AN,logged,N3_5_210,2
ANC,logged,N3_2_120,1
ANI,logged,N3_3_200,1
ANL,unlogged,N15_1_90,1
ANL,unlogged,N15_2_50,1
ANL,unlogged,N15_3_190,1
ANL,unlogged,N15_3_200,1
ANL,unlogged,N15_4_100,1
ANL,unlogged,N15_4_110,1
ANL,unlogged,N15_4_120,1
ANL,unlogged,N15_4_150,2
ANL,unlogged,N15_4_30,1
ANL,unlogged,N15_4_80,1
ANL,unlogged,N15_5_120,2
ANL,unlogged,N15_5_150,1
ANL,unlogged,N15_5_20,1
ANL,unlogged,N15_5_30,2
ANL,unlogged,N15_5_80,1
ANL,logged,N3_1_110,1
ANL,logged,N3_1_120,1
ANL,logged,N3_1_140,1
ANL,logged,N3_1_150,2
ANL,logged,N3_1_180,1
ANL,logged,N3_1_30,1
ANL,logged,N3_1_80,3
ANL,logged,N3_2_110,1
ANL,logged,N3_2_140,1
ANL,logged,N3_2_220,1
ANL,logged,N3_2_230,1
ANL,logged,N3_2_250,1
ANL,logged,N3_3_60,1
ANL,logged,N3_4_10,1
ANL,logged,N3_4_200,1
ANL,logged,N3_4_210,2
ANL,logged,N3_4_30,2
ANL,logged,N3_4_40,1
ANT,unlogged,N15_1_180,1
ANT,unlogged,N15_1_70,1
ANT,unlogged,N15_2_180,1
ANT,unlogged,N15_2_20,1
ANT,unlogged,N15_2_60,2
ANT,unlogged,N15_3_140,1
ANT,unlogged,N15_3_150,1
ANT,unlogged,N15_3_60,1
ANT,unlogged,N15_3_70,1
ANT,unlogged,N15_4_100,1
ANT,unlogged,N15_4_110,1
ANT,unlogged,N15_4_190,1
ANT,unlogged,N15_5_150,1
ANT,unlogged,N15_5_20,1
ANT,logged,N3_1_10,5
ANT,logged,N3_1_100,2
ANT,logged,N3_1_110,3
ANT,logged,N3_1_120,1
ANT,logged,N3_1_130,1
ANT,logged,N3_1_170,1
ANT,logged,N3_1_20,2
ANT,logged,N3_1_30,4
ANT,logged,N3_1_40,1
ANT,logged,N3_1_50,1
ANT,logged,N3_1_60,1
ANT,logged,N3_1_80,1
ANT,logged,N3_1_90,1
ANT,logged,N3_2_10,1
ANT,logged,N3_2_100,2
ANT,logged,N3_2_120,1
ANT,logged,N3_2_130,2
ANT,logged,N3_2_140,2
ANT,logged,N3_2_150,2
ANT,logged,N3_2_160,1
ANT,logged,N3_2_170,2
ANT,logged,N3_2_180,3
ANT,logged,N3_2_20,1
ANT,logged,N3_2_200,2
ANT,logged,N3_2_210,1
ANT,logged,N3_2_220,5
ANT,logged,N3_2_230,1
ANT,logged,N3_2_250,1
ANT,logged,N3_2_30,1
ANT,logged,N3_2_50,3
ANT,logged,N3_2_60,1
ANT,logged,N3_2_70,3
ANT,logged,N3_2_80,5
ANT,logged,N3_2_90,1
ANT,logged,N3_3_110,2
ANT,logged,N3_3_120,2
ANT,logged,N3_3_130,1
ANT,logged,N3_3_140,2
ANT,logged,N3_3_160,1
ANT,logged,N3_3_170,2
ANT,logged,N3_3_180,1
ANT,logged,N3_3_190,2
ANT,logged,N3_3_20,2
ANT,logged,N3_3_200,1
ANT,logged,N3_3_40,2
ANT,logged,N3_3_50,1
ANT,logged,N3_3_80,3
ANT,logged,N3_4_130,1
ANT,logged,N3_4_160,1
ANT,logged,N3_4_180,1
ANT,logged,N3_4_200,2
ANT,logged,N3_4_40,1
ANT,logged,N3_4_50,1
ANT,logged,N3_4_60,1
ANT,logged,N3_5_110,1
ANT,logged,N3_5_170,1
ANT,logged,N3_5_190,1
ANT,logged,N3_5_200,1
ANT,logged,N3_5_40,1
APS,unlogged,N15_1_140,1
AZ,unlogged,N15_4_150,1
AZ,unlogged,N15_4_30,1
AZ,logged,N3_1_130,1
AZ,logged,N3_1_90,1
AZ,logged,N3_2_220,1
AZ,logged,N3_2_240,1
AZ,logged,N3_3_20,2
AZ,logged,N3_4_30,1
AZ,logged,N3_4_90,1
AZ,logged,N3_5_180,2
AZ,logged,N3_5_200,1
AZ,logged,N3_5_210,1
BEH,unlogged,N15_1_190,1
BEH,unlogged,N15_2_110,1
BEH,unlogged,N15_2_130,1
BEH,unlogged,N15_2_180,1
BEH,unlogged,N15_2_190,2
BEH,unlogged,N15_2_20,1
BEH,unlogged,N15_2_200,3
BEH,unlogged,N15_2_40,2
BEH,unlogged,N15_2_70,1
BEH,unlogged,N15_3_10,1
BEH,unlogged,N15_3_110,1
BEH,unlogged,N15_3_120,3
BEH,unlogged,N15_3_150,1
BEH,unlogged,N15_3_160,1
BEH,unlogged,N15_3_180,1
BEH,unlogged,N15_3_20,1
BEH,unlogged,N15_3_40,1
BEH,unlogged,N15_3_70,5
BEH,unlogged,N15_3_90,2
BEH,unlogged,N15_4_120,3
BEH,unlogged,N15_4_160,1
BEH,unlogged,N15_4_170,3
BEH,unlogged,N15_5_140,3
BEH,unlogged,N15_5_20,2
BEH,unlogged,N15_5_60,1
BEH,logged,N3_1_160,2
BEH,logged,N3_1_180,1
BEH,logged,N3_1_190,2
BEH,logged,N3_1_200,2
BEH,logged,N3_1_70,2
BEH,logged,N3_2_210,3
BEH,logged,N3_2_230,1
BEH,logged,N3_3_110,1
BEH,logged,N3_3_130,1
BEH,logged,N3_3_150,1
BEH,logged,N3_3_70,2
BEH,logged,N3_4_120,1
BEH,logged,N3_4_130,1
BEH,logged,N3_4_20,1
BEH,logged,N3_4_30,1
BEH,logged,N3_4_40,2
BEH,logged,N3_4_50,2
BEH,logged,N3_5_10,3
BEH,logged,N3_5_100,2
BEH,logged,N3_5_110,2
BEH,logged,N3_5_120,2
BEH,logged,N3_5_20,2
BEH,logged,N3_5_200,1
BEH,logged,N3_5_40,1
BEH,logged,N3_5_50,1
BEH,logged,N3_5_80,2
BEH,logged,N3_5_90,5
BEO,unlogged,N15_2_50,1
BEO,unlogged,N15_2_60,1
BEO,unlogged,N15_3_180,2
BEO,unlogged,N15_3_190,2
BEO,unlogged,N15_4_160,2
BEO,unlogged,N15_4_170,2
BEO,unlogged,N15_4_190,2
BEO,unlogged,N15_5_100,1
BEO,logged,N3_1_140,1
BLU,unlogged,N15_2_130,1
BLU,logged,N3_1_140,1
BLU,logged,N3_2_100,2
BLU,logged,N3_2_80,1
BLU,logged,N3_3_170,2
BLU,logged,N3_3_200,1
BLU,logged,N3_5_30,1
BOS,logged,N3_2_180,1
BP,unlogged,N15_1_10,2
BP,unlogged,N15_1_120,1
BP,unlogged,N15_1_140,2
BP,unlogged,N15_1_160,1
BP,unlogged,N15_1_180,2
BP,unlogged,N15_1_200,1
BP,unlogged,N15_1_80,3
BP,unlogged,N15_1_90,3
BP,unlogged,N15_2_10,1
BP,unlogged,N15_2_120,1
BP,unlogged,N15_2_150,1
BP,unlogged,N15_2_190,1
BP,unlogged,N15_2_20,1
BP,unlogged,N15_2_40,1
BP,unlogged,N15_2_50,1
BP,unlogged,N15_2_70,3
BP,unlogged,N15_3_10,1
BP,unlogged,N15_3_110,1
BP,unlogged,N15_3_120,1
BP,unlogged,N15_3_130,5
BP,unlogged,N15_3_160,1
BP,unlogged,N15_3_190,2
BP,unlogged,N15_3_30,1
BP,unlogged,N15_3_40,1
BP,unlogged,N15_3_60,3
BP,unlogged,N15_3_70,2
BP,unlogged,N15_4_100,2
BP,unlogged,N15_4_110,3
BP,unlogged,N15_4_120,1
BP,unlogged,N15_4_130,1
BP,unlogged,N15_4_160,4
BP,unlogged,N15_4_170,2
BP,unlogged,N15_4_180,1
BP,unlogged,N15_4_60,3
BP,unlogged,N15_4_70,2
BP,unlogged,N15_4_80,1
BP,unlogged,N15_5_100,2
BP,unlogged,N15_5_110,2
BP,unlogged,N15_5_130,1
BP,unlogged,N15_5_150,2
BP,unlogged,N15_5_160,1
BP,unlogged,N15_5_200,1
BP,unlogged,N15_5_30,1
BP,unlogged,N15_5_50,1
BP,unlogged,N15_5_90,3
BP,logged,N3_1_110,1
BP,logged,N3_1_120,1
BP,logged,N3_1_140,2
BP,logged,N3_1_150,2
BP,logged,N3_1_180,4
BP,logged,N3_1_200,1
BP,logged,N3_1_40,3
BP,logged,N3_1_70,2
BP,logged,N3_1_80,1
BP,logged,N3_2_140,2
BP,logged,N3_2_20,1
BP,logged,N3_2_210,1
BP,logged,N3_2_50,2
BP,logged,N3_3_10,1
BP,logged,N3_3_130,2
BP,logged,N3_3_140,1
BP,logged,N3_3_150,2
BP,logged,N3_3_160,3
BP,logged,N3_3_170,2
BP,logged,N3_3_200,1
BP,logged,N3_3_30,1
BP,logged,N3_3_40,1
BP,logged,N3_3_50,1
BP,logged,N3_3_90,1
BP,logged,N3_4_120,2
BP,logged,N3_4_140,1
BP,logged,N3_4_160,3
BP,logged,N3_4_170,1
BP,logged,N3_4_180,1
BP,logged,N3_4_190,1
BP,logged,N3_4_30,1
BP,logged,N3_5_110,2
BP,logged,N3_5_190,3
BP,logged,N3_5_20,1
BPW,unlogged,N15_3_150,1
BPW,logged,N3_5_160,9
BPW,logged,N3_5_180,2
BRB,unlogged,N15_1_130,2
BRB,unlogged,N15_1_40,4
BRB,unlogged,N15_2_140,1
BRB,unlogged,N15_3_190,1
BRB,unlogged,N15_3_80,1
BRB,unlogged,N15_4_100,1
BRB,unlogged,N15_4_190,1
BRB,unlogged,N15_4_90,1
BRB,unlogged,N15_5_120,1
BRB,unlogged,N15_5_130,1
BRB,unlogged,N15_5_70,1
BRB,logged,N3_1_150,1
BRB,logged,N3_1_160,1
BRD,unlogged,N15_1_40,1
BRM,unlogged,N15_3_110,3
BRM,unlogged,N15_4_150,1
BRM,unlogged,N15_4_190,1
BRM,unlogged,N15_5_40,1
BRM,unlogged,N15_5_80,1
CAL,unlogged,N15_1_160,1
CAL,unlogged,N15_1_170,1
CAL,unlogged,N15_1_180,1
CAL,unlogged,N15_1_190,1
CAL,unlogged,N15_1_40,2
CAL,unlogged,N15_2_100,1
CAL,unlogged,N15_2_110,1
CAL,unlogged,N15_2_140,3
CAL,unlogged,N15_2_150,2
CAL,unlogged,N15_2_160,1
CAL,unlogged,N15_2_30,1
CAL,unlogged,N15_3_110,1
CAL,unlogged,N15_3_140,1
CAL,unlogged,N15_3_160,1
CAL,unlogged,N15_3_20,1
CAL,unlogged,N15_3_30,1
CAL,unlogged,N15_3_40,1
CAL,unlogged,N15_3_50,1
CAL,unlogged,N15_3_60,1
CAL,unlogged,N15_4_10,1
CAL,unlogged,N15_4_100,1
CAL,unlogged,N15_4_40,1
CAL,unlogged,N15_4_60,1
CAL,unlogged,N15_4_80,1
CAL,unlogged,N15_5_10,1
CAL,unlogged,N15_5_140,1
CAL,unlogged,N15_5_200,1
CAL,unlogged,N15_5_40,1
CAL,unlogged,N15_5_60,1
CAL,unlogged,N15_5_90,1
CAL,logged,N3_1_130,1
CAL,logged,N3_1_190,2
CAL,logged,N3_1_40,1
CAL,logged,N3_1_90,1
CAL,logged,N3_2_170,1
CAL,logged,N3_2_180,1
CAL,logged,N3_2_50,1
CAL,logged,N3_2_70,1
CAL,logged,N3_2_80,1
CAL,logged,N3_3_10,2
CAL,logged,N3_3_110,3
CAL,logged,N3_3_140,1
CAL,logged,N3_3_170,2
CAL,logged,N3_3_20,1
CAL,logged,N3_3_30,1
CAL,logged,N3_3_80,1
CAL,logged,N3_3_90,2
CAL,logged,N3_4_120,2
CAL,logged,N3_4_130,1
CAL,logged,N3_4_40,1
CAL,logged,N3_4_70,1
CAL,logged,N3_5_130,1
CAL,logged,N3_5_140,7
CAL,logged,N3_5_180,1
CAL,logged,N3_5_190,1
CAL,logged,N3_5_200,1
CAL,logged,N3_5_50,3
CAL,logged,N3_5_90,1
CCA,logged,N3_3_10,4
CCA,logged,N3_3_110,1
CCA,logged,N3_3_20,1
CDU,unlogged,N15_1_100,1
CDU,unlogged,N15_2_190,1
CDU,unlogged,N15_5_180,1
CDU,logged,N3_1_10,1
CDU,logged,N3_1_120,1
CDU,logged,N3_1_130,5
CDU,logged,N3_1_20,4
CDU,logged,N3_1_30,3
CDU,logged,N3_2_110,5
CDU,logged,N3_2_120,5
CDU,logged,N3_2_130,1
CDU,logged,N3_2_140,2
CDU,logged,N3_2_160,1
CDU,logged,N3_2_170,1
CDU,logged,N3_2_180,4
CDU,logged,N3_2_190,3
CDU,logged,N3_2_20,1
CDU,logged,N3_2_200,9
CDU,logged,N3_2_210,1
CDU,logged,N3_2_250,1
CDU,logged,N3_2_60,1
CDU,logged,N3_2_80,1
CDU,logged,N3_2_90,1
CDU,logged,N3_3_10,1
CDU,logged,N3_3_110,2
CDU,logged,N3_3_140,3
CDU,logged,N3_3_150,1
CDU,logged,N3_3_160,2
CDU,logged,N3_3_170,3
CDU,logged,N3_3_180,1
CDU,logged,N3_3_190,4
CDU,logged,N3_3_200,2
CDU,logged,N3_3_70,1
CDU,logged,N3_3_90,1
CDU,logged,N3_4_10,1
CDU,logged,N3_4_120,1
CDU,logged,N3_4_130,1
CDU,logged,N3_4_150,1
CDU,logged,N3_4_160,9
CDU,logged,N3_4_170,7
CDU,logged,N3_4_180,7
CDU,logged,N3_4_190,7
CDU,logged,N3_4_20,2
CDU,logged,N3_4_200,3
CDU,logged,N3_4_210,5
CDU,logged,N3_4_30,2
CDU,logged,N3_4_40,1
CDU,logged,N3_4_50,2
CDU,logged,N3_4_60,1
CDU,logged,N3_5_100,1
CDU,logged,N3_5_110,2
CDU,logged,N3_5_190,1
CDU,logged,N3_5_210,4
CDU,logged,N3_5_30,2
CDU,logged,N3_5_40,1
CDU,logged,N3_5_50,2
CDU,logged,N3_5_60,1
CDU,logged,N3_5_90,1
CLA,logged,N3_2_70,2
CLS,unlogged,N15_1_100,2
CLS,unlogged,N15_1_150,1
CLS,unlogged,N15_1_180,1
CLS,unlogged,N15_1_200,1
CLS,unlogged,N15_1_80,1
CLS,unlogged,N15_2_190,1
CLS,unlogged,N15_3_10,1
CLS,unlogged,N15_3_100,1
CLS,unlogged,N15_3_180,1
CLS,unlogged,N15_3_80,1
CLS,unlogged,N15_4_110,1
CLS,unlogged,N15_4_190,1
CLS,unlogged,N15_4_40,1
CLS,unlogged,N15_4_80,1
CLS,unlogged,N15_5_130,1
CLS,unlogged,N15_5_140,1
CLS,unlogged,N15_5_30,1
CLS,logged,N3_1_10,4
CLS,logged,N3_1_100,1
CLS,logged,N3_1_130,2
CLS,logged,N3_1_140,2
CLS,logged,N3_1_160,2
CLS,logged,N3_1_50,1
CLS,logged,N3_1_60,1
CLS,logged,N3_2_160,2
CLS,logged,N3_2_200,1
CLS,logged,N3_2_220,1
CLS,logged,N3_2_240,1
CLS,logged,N3_3_110,1
CLS,logged,N3_3_120,1
CLS,logged,N3_3_130,1
CLS,logged,N3_3_160,2
CLS,logged,N3_3_180,1
CLS,logged,N3_3_190,2
CLS,logged,N3_3_200,1
CLS,logged,N3_4_110,2
CLS,logged,N3_4_120,1
CLS,logged,N3_4_140,1
CLS,logged,N3_4_150,2
CLS,logged,N3_4_180,2
CLS,logged,N3_4_190,1
CLS,logged,N3_4_20,3
CLS,logged,N3_4_200,1
CLS,logged,N3_4_210,3
CLS,logged,N3_4_30,1
CLS,logged,N3_4_40,3
CLS,logged,N3_4_50,2
CLS,logged,N3_4_60,1
CLS,logged,N3_4_70,1
CLS,logged,N3_5_10,2
CLS,logged,N3_5_100,1
CLS,logged,N3_5_130,1
CLS,logged,N3_5_170,1
CLS,logged,N3_5_180,1
CLS,logged,N3_5_190,6
CLS,logged,N3_5_20,1
CLS,logged,N3_5_60,2
CLS,logged,N3_5_80,2
CMC,unlogged,N15_5_150,1
CMC,unlogged,N15_5_200,1
CMC,unlogged,N15_5_80,1
CMC,logged,N3_1_100,2
CMC,logged,N3_1_110,1
CMC,logged,N3_1_150,2
CMC,logged,N3_2_80,1
CMC,logged,N3_3_20,1
CMC,logged,N3_3_50,1
CMC,logged,N3_5_210,1
CMG,unlogged,N15_1_10,1
CMG,unlogged,N15_1_130,1
CMG,unlogged,N15_1_190,1
CMG,unlogged,N15_1_60,1
CMG,unlogged,N15_2_30,3
CMG,unlogged,N15_2_70,1
CMG,unlogged,N15_3_170,1
CMG,unlogged,N15_3_80,1
CMG,unlogged,N15_4_180,1
CMG,unlogged,N15_5_50,1
CMG,unlogged,N15_5_80,1
CMG,logged,N3_1_170,2
CMG,logged,N3_1_180,1
CMG,logged,N3_2_100,1
CMG,logged,N3_2_110,1
CMG,logged,N3_2_130,1
CMG,logged,N3_2_180,1
CMG,logged,N3_2_60,3
CMG,logged,N3_2_70,1
CMG,logged,N3_2_80,1
CMG,logged,N3_2_90,2
CMG,logged,N3_4_110,1
CMG,logged,N3_4_50,1
CMI,unlogged,N15_1_10,7
CMI,unlogged,N15_1_100,16
CMI,unlogged,N15_1_110,6
CMI,unlogged,N15_1_120,10
CMI,unlogged,N15_1_130,7
CMI,unlogged,N15_1_140,12
CMI,unlogged,N15_1_150,11
CMI,unlogged,N15_1_160,16
CMI,unlogged,N15_1_170,5
CMI,unlogged,N15_1_180,13
CMI,unlogged,N15_1_190,12
CMI,unlogged,N15_1_20,9
CMI,unlogged,N15_1_200,21
CMI,unlogged,N15_1_30,11
CMI,unlogged,N15_1_40,17
CMI,unlogged,N15_1_50,15
CMI,unlogged,N15_1_60,1
CMI,unlogged,N15_1_80,8
CMI,unlogged,N15_1_90,11
CMI,unlogged,N15_2_10,20
CMI,unlogged,N15_2_100,13
CMI,unlogged,N15_2_110,13
CMI,unlogged,N15_2_120,12
CMI,unlogged,N15_2_130,13
CMI,unlogged,N15_2_140,15
CMI,unlogged,N15_2_150,15
CMI,unlogged,N15_2_160,13
CMI,unlogged,N15_2_170,6
CMI,unlogged,N15_2_180,17
CMI,unlogged,N15_2_190,5
CMI,unlogged,N15_2_20,15
CMI,unlogged,N15_2_200,5
CMI,unlogged,N15_2_30,13
CMI,unlogged,N15_2_40,7
CMI,unlogged,N15_2_50,16
CMI,unlogged,N15_2_60,13
CMI,unlogged,N15_2_70,1
CMI,unlogged,N15_2_80,22
CMI,unlogged,N15_2_90,7
CMI,unlogged,N15_3_10,20
CMI,unlogged,N15_3_100,14
CMI,unlogged,N15_3_110,20
CMI,unlogged,N15_3_120,16
CMI,unlogged,N15_3_130,15
CMI,unlogged,N15_3_140,7
CMI,unlogged,N15_3_150,10
CMI,unlogged,N15_3_160,14
CMI,unlogged,N15_3_170,24
CMI,unlogged,N15_3_180,7
CMI,unlogged,N15_3_20,1
CMI,unlogged,N15_3_30,21
CMI,unlogged,N15_3_40,5
CMI,unlogged,N15_3_50,17
CMI,unlogged,N15_3_60,12
CMI,unlogged,N15_3_70,13
CMI,unlogged,N15_3_80,17
CMI,unlogged,N15_3_90,5
CMI,unlogged,N15_4_10,34
CMI,unlogged,N15_4_100,3
CMI,unlogged,N15_4_110,6
CMI,unlogged,N15_4_120,16
CMI,unlogged,N15_4_130,8
CMI,unlogged,N15_4_140,3
CMI,unlogged,N15_4_150,1
CMI,unlogged,N15_4_160,9
CMI,unlogged,N15_4_170,34
CMI,unlogged,N15_4_180,3
CMI,unlogged,N15_4_190,1
CMI,unlogged,N15_4_20,7
CMI,unlogged,N15_4_30,19
CMI,unlogged,N15_4_40,8
CMI,unlogged,N15_4_50,26
CMI,unlogged,N15_4_60,11
CMI,unlogged,N15_4_70,14
CMI,unlogged,N15_4_80,32
CMI,unlogged,N15_4_90,13
CMI,unlogged,N15_5_10,7
CMI,unlogged,N15_5_100,11
CMI,unlogged,N15_5_110,7
CMI,unlogged,N15_5_130,1
CMI,unlogged,N15_5_140,18
CMI,unlogged,N15_5_150,5
CMI,unlogged,N15_5_160,15
CMI,unlogged,N15_5_170,15
CMI,unlogged,N15_5_180,13
CMI,unlogged,N15_5_190,6
CMI,unlogged,N15_5_20,14
CMI,unlogged,N15_5_200,9
CMI,unlogged,N15_5_30,14
CMI,unlogged,N15_5_40,4
CMI,unlogged,N15_5_50,2
CMI,unlogged,N15_5_60,5
CMI,unlogged,N15_5_70,9
CMI,unlogged,N15_5_80,14
CMI,unlogged,N15_5_90,9
CMI,logged,N3_1_10,1
CMI,logged,N3_1_100,8
CMI,logged,N3_1_110,2
CMI,logged,N3_1_120,6
CMI,logged,N3_1_130,4
CMI,logged,N3_1_140,4
CMI,logged,N3_1_150,1
CMI,logged,N3_1_160,2
CMI,logged,N3_1_170,4
CMI,logged,N3_1_190,2
CMI,logged,N3_1_20,5
CMI,logged,N3_1_200,14
CMI,logged,N3_1_30,8
CMI,logged,N3_1_40,12
CMI,logged,N3_1_50,15
CMI,logged,N3_1_60,17
CMI,logged,N3_1_70,10
CMI,logged,N3_1_80,2
CMI,logged,N3_1_90,16
CMI,logged,N3_2_10,5
CMI,logged,N3_2_100,15
CMI,logged,N3_2_110,8
CMI,logged,N3_2_120,8
CMI,logged,N3_2_130,14
CMI,logged,N3_2_140,13
CMI,logged,N3_2_150,9
CMI,logged,N3_2_160,4
CMI,logged,N3_2_170,5
CMI,logged,N3_2_180,8
CMI,logged,N3_2_190,5
CMI,logged,N3_2_20,3
CMI,logged,N3_2_200,5
CMI,logged,N3_2_210,6
CMI,logged,N3_2_220,3
CMI,logged,N3_2_230,10
CMI,logged,N3_2_30,21
CMI,logged,N3_2_40,2
CMI,logged,N3_2_50,17
CMI,logged,N3_2_60,9
CMI,logged,N3_2_70,12
CMI,logged,N3_2_80,14
CMI,logged,N3_2_90,2
CMI,logged,N3_3_10,6
CMI,logged,N3_3_110,11
CMI,logged,N3_3_120,9
CMI,logged,N3_3_130,19
CMI,logged,N3_3_140,21
CMI,logged,N3_3_150,16
CMI,logged,N3_3_160,16
CMI,logged,N3_3_170,14
CMI,logged,N3_3_180,12
CMI,logged,N3_3_190,9
CMI,logged,N3_3_20,7
CMI,logged,N3_3_200,8
CMI,logged,N3_3_40,1
CMI,logged,N3_3_50,3
CMI,logged,N3_3_60,5
CMI,logged,N3_3_80,3
CMI,logged,N3_3_90,8
CMI,logged,N3_4_10,4
CMI,logged,N3_4_110,1
CMI,logged,N3_4_120,10
CMI,logged,N3_4_130,18
CMI,logged,N3_4_140,9
CMI,logged,N3_4_150,5
CMI,logged,N3_4_160,15
CMI,logged,N3_4_170,13
CMI,logged,N3_4_180,12
CMI,logged,N3_4_190,14
CMI,logged,N3_4_20,17
CMI,logged,N3_4_200,7
CMI,logged,N3_4_210,3
CMI,logged,N3_4_30,9
CMI,logged,N3_4_40,15
CMI,logged,N3_4_50,9
CMI,logged,N3_4_60,8
CMI,logged,N3_4_70,9
CMI,logged,N3_5_10,10
CMI,logged,N3_5_100,4
CMI,logged,N3_5_110,21
CMI,logged,N3_5_120,9
CMI,logged,N3_5_130,20
CMI,logged,N3_5_140,5
CMI,logged,N3_5_170,4
CMI,logged,N3_5_180,18
CMI,logged,N3_5_190,14
CMI,logged,N3_5_20,8
CMI,logged,N3_5_200,8
CMI,logged,N3_5_210,3
CMI,logged,N3_5_30,24
CMI,logged,N3_5_40,12
CMI,logged,N3_5_50,14
CMI,logged,N3_5_60,4
CMI,logged,N3_5_70,5
CMI,logged,N3_5_80,20
CMI,logged,N3_5_90,7
CMU,unlogged,N15_3_140,1
CMU,unlogged,N15_5_10,3
CMU,logged,N3_4_20,2
CMU,logged,N3_4_30,1
CMU,logged,N3_5_20,1
CMU,logged,N3_5_50,1
CMU,logged,N3_5_60,1
CNS,unlogged,N15_1_180,1
CNS,unlogged,N15_2_180,1
CNS,unlogged,N15_5_130,1
CNS,unlogged,N15_5_50,1
CNS,logged,N3_1_170,1
CNS,logged,N3_2_60,1
CNS,logged,N3_5_210,1
CNS,logged,N3_5_70,1
COG,unlogged,N15_1_50,1
COG,unlogged,N15_2_200,1
COG,unlogged,N15_2_90,1
COG,unlogged,N15_3_190,1
COG,unlogged,N15_4_180,2
COG,unlogged,N15_5_120,2
COG,logged,N3_1_140,1
COG,logged,N3_1_20,1
COG,logged,N3_1_200,1
COG,logged,N3_2_20,2
COG,logged,N3_4_150,1
COM,unlogged,N15_1_130,1
COM,unlogged,N15_1_60,1
COM,unlogged,N15_4_100,1
COM,unlogged,N15_4_180,4
COM,unlogged,N15_5_40,1
COM,logged,N3_1_10,1
COM,logged,N3_1_130,1
COM,logged,N3_1_190,1
COM,logged,N3_1_20,1
COM,logged,N3_1_70,1
COM,logged,N3_2_10,1
COM,logged,N3_2_100,1
COM,logged,N3_2_110,2
COM,logged,N3_2_120,1
COM,logged,N3_2_20,1
COM,logged,N3_2_50,3
COM,logged,N3_2_60,2
COM,logged,N3_2_90,1
COM,logged,N3_3_160,1
COM,logged,N3_3_170,1
COM,logged,N3_3_20,1
COM,logged,N3_3_80,1
COM,logged,N3_3_90,1
COM,logged,N3_4_120,1
COM,logged,N3_4_150,1
COM,logged,N3_4_180,1
COM,logged,N3_4_20,1
COM,logged,N3_5_140,1
COM,logged,N3_5_70,1
COR,logged,N3_5_20,1
COS,unlogged,N15_1_100,2
COS,unlogged,N15_1_120,2
COS,unlogged,N15_1_180,2
COS,unlogged,N15_1_20,3
COS,unlogged,N15_1_200,1
COS,unlogged,N15_1_80,1
COS,unlogged,N15_2_140,1
COS,unlogged,N15_2_160,1
COS,unlogged,N15_2_180,2
COS,unlogged,N15_2_190,1
COS,unlogged,N15_2_40,1
COS,unlogged,N15_2_50,1
COS,unlogged,N15_3_180,1
COS,unlogged,N15_3_70,1
COS,unlogged,N15_4_120,1
COS,unlogged,N15_4_130,1
COS,unlogged,N15_4_190,2
COS,unlogged,N15_4_60,1
COS,unlogged,N15_4_70,1
COS,unlogged,N15_5_100,2
COS,unlogged,N15_5_140,1
COS,unlogged,N15_5_150,1
COS,unlogged,N15_5_20,1
COS,unlogged,N15_5_200,2
COS,logged,N3_1_70,1
COS,logged,N3_2_120,1
COS,logged,N3_4_110,1
COS,logged,N3_4_120,1
COS,logged,N3_4_150,1
COS,logged,N3_4_180,1
COS,logged,N3_4_190,1
COS,logged,N3_4_50,1
COS,logged,N3_4_60,1
COS,logged,N3_5_180,1
COS,logged,N3_5_200,3
CP,unlogged,N15_1_100,1
CP,unlogged,N15_1_20,1
CP,unlogged,N15_3_170,1
CP,unlogged,N15_4_140,2
CP,unlogged,N15_5_100,1
CP,unlogged,N15_5_120,1
CP,unlogged,N15_5_130,3
CP,logged,N3_1_170,1
CP,logged,N3_1_180,1
CP,logged,N3_2_250,5
CP,logged,N3_4_30,1
CPR,unlogged,N15_1_110,1
CPR,unlogged,N15_1_30,2
CPR,unlogged,N15_1_50,1
CPR,unlogged,N15_1_70,1
CPR,unlogged,N15_1_80,1
CPR,unlogged,N15_1_90,1
CPR,unlogged,N15_2_120,1
CPR,unlogged,N15_2_160,1
CPR,unlogged,N15_2_30,1
CPR,unlogged,N15_2_50,1
CPR,unlogged,N15_2_70,1
CPR,unlogged,N15_2_80,1
CPR,unlogged,N15_2_90,2
CPR,unlogged,N15_3_100,1
CPR,unlogged,N15_3_130,1
CPR,unlogged,N15_3_140,2
CPR,unlogged,N15_3_150,1
CPR,unlogged,N15_3_170,1
CPR,unlogged,N15_3_80,1
CPR,unlogged,N15_4_100,1
CPR,unlogged,N15_4_190,3
CPR,unlogged,N15_4_30,1
CPR,unlogged,N15_4_40,1
CPR,unlogged,N15_4_60,1
CPR,unlogged,N15_4_80,1
CPR,unlogged,N15_5_120,1
CPR,unlogged,N15_5_150,1
CPR,unlogged,N15_5_160,1
CPR,unlogged,N15_5_180,3
CPR,unlogged,N15_5_20,3
CPR,unlogged,N15_5_30,3
CPR,unlogged,N15_5_40,1
CPR,unlogged,N15_5_60,2
CPR,unlogged,N15_5_70,1
CPR,logged,N3_1_110,1
CPR,logged,N3_1_130,1
CPR,logged,N3_1_160,3
CPR,logged,N3_1_170,1
CPR,logged,N3_1_20,1
CPR,logged,N3_1_200,1
CPR,logged,N3_1_60,1
CPR,logged,N3_1_90,1
CPR,logged,N3_2_120,1
CPR,logged,N3_2_130,1
CPR,logged,N3_2_160,1
CPR,logged,N3_2_180,3
CPR,logged,N3_2_210,1
CPR,logged,N3_2_240,1
CPR,logged,N3_2_30,1
CPR,logged,N3_2_60,1
CPR,logged,N3_3_10,2
CPR,logged,N3_3_140,1
CPR,logged,N3_3_150,1
CPR,logged,N3_3_160,1
CPR,logged,N3_3_20,2
CPR,logged,N3_3_30,2
CPR,logged,N3_3_50,1
CPR,logged,N3_3_80,1
CPR,logged,N3_4_120,2
CPR,logged,N3_4_140,2
CPR,logged,N3_4_170,1
CPR,logged,N3_4_20,1
CPR,logged,N3_4_50,1
CPR,logged,N3_5_10,1
CPR,logged,N3_5_100,1
CPR,logged,N3_5_110,1
CPR,logged,N3_5_120,2
CPR,logged,N3_5_170,1
CPR,logged,N3_5_180,2
CPR,logged,N3_5_200,1
CPR,logged,N3_5_40,1
CPR,logged,N3_5_50,1
CPR,logged,N3_5_60,1
CPR,logged,N3_5_80,2
CROTON,logged,N3_1_80,1
CRP,logged,N3_2_120,1
CSY,unlogged,N15_1_70,1
CSY,unlogged,N15_2_140,1
CSY,unlogged,N15_2_30,2
CSY,unlogged,N15_2_90,1
CSY,unlogged,N15_3_100,1
CSY,unlogged,N15_3_110,1
CSY,unlogged,N15_3_130,1
CSY,unlogged,N15_3_140,1
CSY,unlogged,N15_3_150,3
CSY,unlogged,N15_3_200,1
CSY,unlogged,N15_4_100,1
CSY,unlogged,N15_4_120,1
CSY,unlogged,N15_4_30,1
CSY,unlogged,N15_4_50,1
CSY,unlogged,N15_4_70,1
CSY,unlogged,N15_4_90,1
CSY,unlogged,N15_5_150,1
CSY,unlogged,N15_5_170,1
CSY,unlogged,N15_5_180,2
CSY,unlogged,N15_5_30,3
CSY,unlogged,N15_5_60,1
CSY,logged,N3_1_10,2
CSY,logged,N3_1_100,1
CSY,logged,N3_1_110,1
CSY,logged,N3_1_120,2
CSY,logged,N3_1_130,2
CSY,logged,N3_1_140,1
CSY,logged,N3_1_160,1
CSY,logged,N3_1_60,2
CSY,logged,N3_1_70,3
CSY,logged,N3_1_80,1
CSY,logged,N3_2_150,1
CSY,logged,N3_2_190,2
CSY,logged,N3_2_200,2
CSY,logged,N3_2_210,2
CSY,logged,N3_2_220,1
CSY,logged,N3_2_230,1
CSY,logged,N3_2_50,1
CSY,logged,N3_2_60,1
CSY,logged,N3_3_10,2
CSY,logged,N3_3_110,3
CSY,logged,N3_3_120,1
CSY,logged,N3_3_130,2
CSY,logged,N3_3_140,1
CSY,logged,N3_3_160,1
CSY,logged,N3_3_180,2
CSY,logged,N3_3_190,1
CSY,logged,N3_3_20,2
CSY,logged,N3_3_30,2
CSY,logged,N3_3_40,1
CSY,logged,N3_3_60,2
CSY,logged,N3_3_70,2
CSY,logged,N3_3_80,2
CSY,logged,N3_3_90,2
CSY,logged,N3_4_110,1
CSY,logged,N3_4_120,1
CSY,logged,N3_4_160,1
CSY,logged,N3_4_20,1
CSY,logged,N3_4_30,1
CSY,logged,N3_5_110,1
CSY,logged,N3_5_140,1
CSY,logged,N3_5_170,2
CSY,logged,N3_5_180,2
CSY,logged,N3_5_190,1
CSY,logged,N3_5_20,1
CSY,logged,N3_5_200,3
CSY,logged,N3_5_210,1
CSY,logged,N3_5_50,1
CSY,logged,N3_5_60,1
CSY,logged,N3_5_70,1
CSY,logged,N3_5_80,2
CWI,unlogged,N15_1_10,1
CWI,unlogged,N15_1_130,1
CWI,unlogged,N15_1_140,1
CWI,unlogged,N15_1_150,1
CWI,unlogged,N15_1_180,1
CWI,unlogged,N15_1_190,1
CWI,unlogged,N15_1_30,3
CWI,unlogged,N15_1_70,1
CWI,unlogged,N15_1_90,1
CWI,unlogged,N15_2_150,1
CWI,unlogged,N15_2_160,1
CWI,unlogged,N15_2_190,1
CWI,unlogged,N15_2_80,1
CWI,unlogged,N15_3_10,1
CWI,unlogged,N15_3_110,1
CWI,unlogged,N15_3_120,1
CWI,unlogged,N15_3_170,1
CWI,unlogged,N15_3_180,4
CWI,unlogged,N15_3_190,2
CWI,unlogged,N15_4_110,1
CWI,unlogged,N15_4_120,1
CWI,unlogged,N15_4_130,3
CWI,unlogged,N15_4_170,2
CWI,unlogged,N15_4_190,1
CWI,unlogged,N15_4_60,1
CWI,unlogged,N15_5_10,1
CWI,unlogged,N15_5_50,1
CWI,unlogged,N15_5_70,1
CWI,unlogged,N15_5_90,1
CWI,logged,N3_1_10,2
CWI,logged,N3_1_30,1
CWI,logged,N3_1_40,1
CWI,logged,N3_2_130,1
CWI,logged,N3_2_240,2
CWI,logged,N3_2_250,3
CWI,logged,N3_3_120,5
CWI,logged,N3_3_130,1
CWI,logged,N3_3_170,1
CWI,logged,N3_4_120,3
CWI,logged,N3_4_20,1
CWI,logged,N3_4_50,1
CWI,logged,N3_4_60,1
CWI,logged,N3_5_130,1
CWI,logged,N3_5_150,1
CWI,logged,N3_5_160,3
CWI,logged,N3_5_20,1
CWI,logged,N3_5_30,1
CWI,logged,N3_5_50,1
CWI,logged,N3_5_70,1
CWI,logged,N3_5_90,1
CWT,logged,N3_2_70,1
CYA,unlogged,N15_1_10,3
CYA,unlogged,N15_1_100,2
CYA,unlogged,N15_1_110,5
CYA,unlogged,N15_1_130,3
CYA,unlogged,N15_1_140,1
CYA,unlogged,N15_1_150,2
CYA,unlogged,N15_1_160,3
CYA,unlogged,N15_1_170,1
CYA,unlogged,N15_1_180,2
CYA,unlogged,N15_1_190,1
CYA,unlogged,N15_1_20,7
CYA,unlogged,N15_1_200,6
CYA,unlogged,N15_1_30,2
CYA,unlogged,N15_1_40,1
CYA,unlogged,N15_1_50,3
CYA,unlogged,N15_1_60,2
CYA,unlogged,N15_1_70,2
CYA,unlogged,N15_1_80,4
CYA,unlogged,N15_1_90,4
CYA,unlogged,N15_2_100,3
CYA,unlogged,N15_2_110,3
CYA,unlogged,N15_2_120,2
CYA,unlogged,N15_2_130,3
CYA,unlogged,N15_2_140,1
CYA,unlogged,N15_2_150,2
CYA,unlogged,N15_2_160,2
CYA,unlogged,N15_2_170,3
CYA,unlogged,N15_2_180,2
CYA,unlogged,N15_2_190,5
CYA,unlogged,N15_2_20,2
CYA,unlogged,N15_2_200,8
CYA,unlogged,N15_2_30,1
CYA,unlogged,N15_2_40,4
CYA,unlogged,N15_2_50,1
CYA,unlogged,N15_2_60,1
CYA,unlogged,N15_2_70,3
CYA,unlogged,N15_2_80,2
CYA,unlogged,N15_3_10,6
CYA,unlogged,N15_3_100,2
CYA,unlogged,N15_3_120,1
CYA,unlogged,N15_3_140,5
CYA,unlogged,N15_3_150,3
CYA,unlogged,N15_3_170,2
CYA,unlogged,N15_3_180,3
CYA,unlogged,N15_3_20,5
CYA,unlogged,N15_3_30,2
CYA,unlogged,N15_3_40,5
CYA,unlogged,N15_3_60,3
CYA,unlogged,N15_3_70,5
CYA,unlogged,N15_3_90,10
CYA,unlogged,N15_4_10,1
CYA,unlogged,N15_4_100,1
CYA,unlogged,N15_4_110,6
CYA,unlogged,N15_4_120,5
CYA,unlogged,N15_4_130,2
CYA,unlogged,N15_4_140,3
CYA,unlogged,N15_4_150,4
CYA,unlogged,N15_4_160,4
CYA,unlogged,N15_4_170,9
CYA,unlogged,N15_4_20,3
CYA,unlogged,N15_4_30,1
CYA,unlogged,N15_4_40,4
CYA,unlogged,N15_4_50,2
CYA,unlogged,N15_4_60,3
CYA,unlogged,N15_4_70,2
CYA,unlogged,N15_4_80,1
CYA,unlogged,N15_4_90,1
CYA,unlogged,N15_5_10,1
CYA,unlogged,N15_5_100,5
CYA,unlogged,N15_5_110,1
CYA,unlogged,N15_5_120,5
CYA,unlogged,N15_5_130,1
CYA,unlogged,N15_5_140,2
CYA,unlogged,N15_5_150,1
CYA,unlogged,N15_5_160,2
CYA,unlogged,N15_5_170,1
CYA,unlogged,N15_5_180,2
CYA,unlogged,N15_5_20,5
CYA,unlogged,N15_5_200,2
CYA,unlogged,N15_5_40,6
CYA,unlogged,N15_5_50,5
CYA,unlogged,N15_5_60,1
CYA,unlogged,N15_5_70,2
CYA,unlogged,N15_5_80,1
CYA,unlogged,N15_5_90,2
CYA,logged,N3_1_110,1
CYA,logged,N3_1_120,2
CYA,logged,N3_1_130,3
CYA,logged,N3_1_140,2
CYA,logged,N3_1_150,1
CYA,logged,N3_1_180,1
CYA,logged,N3_1_190,4
CYA,logged,N3_1_200,4
CYA,logged,N3_1_30,1
CYA,logged,N3_1_40,2
CYA,logged,N3_1_50,2
CYA,logged,N3_1_60,3
CYA,logged,N3_1_70,3
CYA,logged,N3_1_90,5
CYA,logged,N3_2_10,2
CYA,logged,N3_2_100,2
CYA,logged,N3_2_110,5
CYA,logged,N3_2_130,3
CYA,logged,N3_2_140,2
CYA,logged,N3_2_150,2
CYA,logged,N3_2_160,5
CYA,logged,N3_2_170,6
CYA,logged,N3_2_180,1
CYA,logged,N3_2_190,9
CYA,logged,N3_2_20,4
CYA,logged,N3_2_200,10
CYA,logged,N3_2_210,4
CYA,logged,N3_2_220,2
CYA,logged,N3_2_230,3
CYA,logged,N3_2_240,1
CYA,logged,N3_2_250,1
CYA,logged,N3_2_30,2
CYA,logged,N3_2_50,1
CYA,logged,N3_2_70,1
CYA,logged,N3_2_80,2
CYA,logged,N3_2_90,4
CYA,logged,N3_3_10,1
CYA,logged,N3_3_110,3
CYA,logged,N3_3_130,2
CYA,logged,N3_3_140,2
CYA,logged,N3_3_150,4
CYA,logged,N3_3_160,2
CYA,logged,N3_3_170,7
CYA,logged,N3_3_180,1
CYA,logged,N3_3_190,2
CYA,logged,N3_3_20,1
CYA,logged,N3_3_200,11
CYA,logged,N3_3_30,1
CYA,logged,N3_3_50,2
CYA,logged,N3_3_60,1
CYA,logged,N3_3_70,5
CYA,logged,N3_3_90,8
CYA,logged,N3_4_10,3
CYA,logged,N3_4_120,4
CYA,logged,N3_4_130,9
CYA,logged,N3_4_140,3
CYA,logged,N3_4_150,4
CYA,logged,N3_4_160,3
CYA,logged,N3_4_170,5
CYA,logged,N3_4_180,1
CYA,logged,N3_4_190,6
CYA,logged,N3_4_20,4
CYA,logged,N3_4_200,9
CYA,logged,N3_4_210,1
CYA,logged,N3_4_30,2
CYA,logged,N3_4_40,1
CYA,logged,N3_4_60,4
CYA,logged,N3_4_70,3
CYA,logged,N3_4_90,7
CYA,logged,N3_5_10,3
CYA,logged,N3_5_100,4
CYA,logged,N3_5_110,2
CYA,logged,N3_5_120,4
CYA,logged,N3_5_130,3
CYA,logged,N3_5_140,3
CYA,logged,N3_5_150,4
CYA,logged,N3_5_160,11
CYA,logged,N3_5_180,2
CYA,logged,N3_5_190,2
CYA,logged,N3_5_20,1
CYA,logged,N3_5_200,8
CYA,logged,N3_5_210,5
CYA,logged,N3_5_30,3
CYA,logged,N3_5_40,3
CYA,logged,N3_5_50,6
CYA,logged,N3_5_60,1
CYA,logged,N3_5_70,2
CYA,logged,N3_5_80,3
CYA,logged,N3_5_90,2
CYS,logged,N3_2_240,1
CZE,unlogged,N15_1_10,1
CZE,unlogged,N15_1_100,4
CZE,unlogged,N15_1_110,3
CZE,unlogged,N15_1_120,3
CZE,unlogged,N15_1_150,2
CZE,unlogged,N15_1_160,3
CZE,unlogged,N15_1_170,4
CZE,unlogged,N15_1_180,1
CZE,unlogged,N15_1_20,1
CZE,unlogged,N15_1_30,1
CZE,unlogged,N15_1_40,1
CZE,unlogged,N15_1_50,1
CZE,unlogged,N15_1_60,1
CZE,unlogged,N15_1_70,1
CZE,unlogged,N15_1_90,2
CZE,unlogged,N15_2_10,2
CZE,unlogged,N15_2_110,2
CZE,unlogged,N15_2_120,1
CZE,unlogged,N15_2_130,1
CZE,unlogged,N15_2_140,1
CZE,unlogged,N15_2_150,2
CZE,unlogged,N15_2_160,1
CZE,unlogged,N15_2_170,4
CZE,unlogged,N15_2_180,1
CZE,unlogged,N15_2_190,3
CZE,unlogged,N15_2_200,1
CZE,unlogged,N15_2_40,1
CZE,unlogged,N15_2_60,2
CZE,unlogged,N15_2_70,1
CZE,unlogged,N15_2_90,1
CZE,unlogged,N15_3_10,2
CZE,unlogged,N15_3_100,1
CZE,unlogged,N15_3_110,1
CZE,unlogged,N15_3_120,2
CZE,unlogged,N15_3_160,1
CZE,unlogged,N15_3_170,2
CZE,unlogged,N15_3_180,1
CZE,unlogged,N15_3_20,1
CZE,unlogged,N15_3_200,2
CZE,unlogged,N15_3_30,4
CZE,unlogged,N15_3_40,3
CZE,unlogged,N15_3_50,2
CZE,unlogged,N15_3_70,2
CZE,unlogged,N15_3_80,2
CZE,unlogged,N15_3_90,2
CZE,unlogged,N15_4_100,1
CZE,unlogged,N15_4_120,1
CZE,unlogged,N15_4_130,1
CZE,unlogged,N15_4_140,1
CZE,unlogged,N15_4_150,1
CZE,unlogged,N15_4_160,3
CZE,unlogged,N15_4_180,1
CZE,unlogged,N15_4_190,4
CZE,unlogged,N15_4_20,4
CZE,unlogged,N15_4_30,4
CZE,unlogged,N15_4_40,1
CZE,unlogged,N15_4_50,6
CZE,unlogged,N15_4_60,2
CZE,unlogged,N15_4_70,2
CZE,unlogged,N15_4_80,1
CZE,unlogged,N15_5_110,1
CZE,unlogged,N15_5_120,1
CZE,unlogged,N15_5_150,1
CZE,unlogged,N15_5_160,2
CZE,unlogged,N15_5_170,1
CZE,unlogged,N15_5_180,1
CZE,unlogged,N15_5_190,1
CZE,unlogged,N15_5_20,1
CZE,unlogged,N15_5_200,1
CZE,unlogged,N15_5_40,1
CZE,unlogged,N15_5_50,1
CZE,unlogged,N15_5_60,1
CZE,unlogged,N15_5_70,2
CZE,unlogged,N15_5_80,1
CZE,logged,N3_1_10,4
CZE,logged,N3_1_100,1
CZE,logged,N3_1_110,2
CZE,logged,N3_1_120,2
CZE,logged,N3_1_130,1
CZE,logged,N3_1_150,4
CZE,logged,N3_1_160,2
CZE,logged,N3_1_170,2
CZE,logged,N3_1_190,1
CZE,logged,N3_1_200,1
CZE,logged,N3_1_30,2
CZE,logged,N3_1_40,3
CZE,logged,N3_1_50,4
CZE,logged,N3_1_60,2
CZE,logged,N3_1_70,2
CZE,logged,N3_1_90,4
CZE,logged,N3_2_10,2
CZE,logged,N3_2_100,7
CZE,logged,N3_2_110,2
CZE,logged,N3_2_120,3
CZE,logged,N3_2_140,6
CZE,logged,N3_2_150,4
CZE,logged,N3_2_160,2
CZE,logged,N3_2_170,2
CZE,logged,N3_2_180,4
CZE,logged,N3_2_190,2
CZE,logged,N3_2_20,1
CZE,logged,N3_2_200,1
CZE,logged,N3_2_210,8
CZE,logged,N3_2_220,1
CZE,logged,N3_2_230,2
CZE,logged,N3_2_240,1
CZE,logged,N3_2_250,1
CZE,logged,N3_2_30,5
CZE,logged,N3_2_40,4
CZE,logged,N3_2_50,2
CZE,logged,N3_2_60,2
CZE,logged,N3_2_70,5
CZE,logged,N3_2_80,5
CZE,logged,N3_2_90,5
CZE,logged,N3_3_10,2
CZE,logged,N3_3_110,2
CZE,logged,N3_3_120,3
CZE,logged,N3_3_130,2
CZE,logged,N3_3_140,12
CZE,logged,N3_3_150,7
CZE,logged,N3_3_160,5
CZE,logged,N3_3_170,11
CZE,logged,N3_3_180,8
CZE,logged,N3_3_190,7
CZE,logged,N3_3_20,2
CZE,logged,N3_3_200,6
CZE,logged,N3_3_40,1
CZE,logged,N3_3_50,1
CZE,logged,N3_3_60,3
CZE,logged,N3_3_70,2
CZE,logged,N3_3_80,8
CZE,logged,N3_3_90,5
CZE,logged,N3_4_10,1
CZE,logged,N3_4_110,1
CZE,logged,N3_4_120,4
CZE,logged,N3_4_130,4
CZE,logged,N3_4_140,7
CZE,logged,N3_4_150,2
CZE,logged,N3_4_160,5
CZE,logged,N3_4_170,10
CZE,logged,N3_4_180,6
CZE,logged,N3_4_190,5
CZE,logged,N3_4_20,1
CZE,logged,N3_4_200,5
CZE,logged,N3_4_40,3
CZE,logged,N3_4_50,2
CZE,logged,N3_4_70,1
CZE,logged,N3_5_100,5
CZE,logged,N3_5_110,2
CZE,logged,N3_5_120,3
CZE,logged,N3_5_130,9
CZE,logged,N3_5_140,4
CZE,logged,N3_5_170,2
CZE,logged,N3_5_180,4
CZE,logged,N3_5_20,3
CZE,logged,N3_5_200,2
CZE,logged,N3_5_30,1
CZE,logged,N3_5_40,3
CZE,logged,N3_5_50,6
CZE,logged,N3_5_70,1
CZE,logged,N3_5_80,3
CZE,logged,N3_5_90,3
DCC,logged,N3_4_100,1
DCC,logged,N3_4_90,3
DD,unlogged,N15_1_190,2
DD,unlogged,N15_2_20,1
DD,unlogged,N15_3_110,3
DD,unlogged,N15_3_130,1
DD,unlogged,N15_5_100,1
DD,unlogged,N15_5_60,1
DD,unlogged,N15_5_80,1
DD,unlogged,N15_5_90,1
DD,logged,N3_1_50,2
DD,logged,N3_1_80,5
DD,logged,N3_2_10,2
DD,logged,N3_2_120,1
DD,logged,N3_2_30,1
DD,logged,N3_3_120,2
DD,logged,N3_3_140,4
DD,logged,N3_3_20,2
DD,logged,N3_3_30,1
DD,logged,N3_3_40,1
DD,logged,N3_5_190,1
DD,logged,N3_5_200,1
DD,logged,N3_5_70,1
DIA,unlogged,N15_3_80,1
DIA,unlogged,N15_3_90,1
DPS,unlogged,N15_5_50,1
DS,unlogged,N15_1_60,1
DS,unlogged,N15_2_20,2
DS,unlogged,N15_2_60,1
DS,unlogged,N15_3_130,1
DS,unlogged,N15_4_10,1
DS,unlogged,N15_4_130,1
DS,unlogged,N15_4_40,2
DS,unlogged,N15_5_110,3
DS,unlogged,N15_5_130,1
DS,unlogged,N15_5_140,1
DS,unlogged,N15_5_20,1
DS,unlogged,N15_5_30,1
DS,unlogged,N15_5_40,1
DS,logged,N3_1_120,1
DS,logged,N3_5_60,1
DSP,unlogged,N15_5_100,4
DSP,unlogged,N15_5_50,1
DSP,unlogged,N15_5_60,3
DSP,unlogged,N15_5_90,1
DSP,logged,N3_5_60,1
DU,unlogged,N15_1_120,1
DU,unlogged,N15_1_180,1
DU,unlogged,N15_1_20,6
DU,unlogged,N15_1_30,2
DU,unlogged,N15_1_40,2
DU,unlogged,N15_1_50,1
DU,unlogged,N15_1_80,4
DU,unlogged,N15_1_90,7
DU,unlogged,N15_2_10,2
DU,unlogged,N15_2_130,2
DU,unlogged,N15_2_190,4
DU,unlogged,N15_2_20,3
DU,unlogged,N15_2_40,1
DU,unlogged,N15_2_50,2
DU,unlogged,N15_2_60,4
DU,unlogged,N15_2_70,18
DU,unlogged,N15_2_80,5
DU,unlogged,N15_2_90,4
DU,unlogged,N15_3_100,1
DU,unlogged,N15_3_120,1
DU,unlogged,N15_3_130,1
DU,unlogged,N15_4_10,1
DU,unlogged,N15_4_180,1
DU,unlogged,N15_4_70,1
DU,unlogged,N15_5_10,7
DU,unlogged,N15_5_100,3
DU,unlogged,N15_5_120,1
DU,unlogged,N15_5_150,1
DU,unlogged,N15_5_170,1
DU,unlogged,N15_5_180,5
DU,unlogged,N15_5_190,2
DU,unlogged,N15_5_20,11
DU,unlogged,N15_5_200,1
DU,unlogged,N15_5_30,1
DU,unlogged,N15_5_50,10
DU,unlogged,N15_5_60,4
DU,unlogged,N15_5_70,1
DU,unlogged,N15_5_80,2
DU,logged,N3_1_180,4
DU,logged,N3_1_200,3
EA,unlogged,N15_1_40,1
EC,unlogged,N15_1_10,1
EC,unlogged,N15_1_190,1
EC,unlogged,N15_1_50,1
EC,unlogged,N15_1_60,1
EC,unlogged,N15_2_10,1
EC,unlogged,N15_2_200,1
EC,unlogged,N15_2_70,1
EC,unlogged,N15_3_190,3
EC,unlogged,N15_3_40,1
EC,unlogged,N15_3_50,1
EC,unlogged,N15_5_60,1
EC,logged,N3_1_30,2
EC,logged,N3_1_60,2
EC,logged,N3_2_140,1
EC,logged,N3_2_150,1
EC,logged,N3_2_190,1
EC,logged,N3_2_200,2
EC,logged,N3_3_110,2
EC,logged,N3_3_150,1
EC,logged,N3_3_40,2
EC,logged,N3_4_120,2
EC,logged,N3_4_130,2
EC,logged,N3_4_160,1
EC,logged,N3_4_210,1
EC,logged,N3_4_60,1
EC,logged,N3_5_30,1
EC,logged,N3_5_40,1
EE,unlogged,N15_1_90,2
EE,unlogged,N15_2_180,1
EE,logged,N3_1_70,1
EE,logged,N3_1_80,1
EE,logged,N3_3_160,1
EE,logged,N3_3_190,2
EE,logged,N3_4_140,1
EE,logged,N3_4_50,1
EE,logged,N3_5_110,1
EE,logged,N3_5_160,1
EE,logged,N3_5_30,1
ENA,unlogged,N15_1_10,2
ENA,unlogged,N15_1_110,1
ENA,unlogged,N15_1_120,1
ENA,unlogged,N15_1_170,1
ENA,unlogged,N15_1_20,1
ENA,unlogged,N15_1_60,1
ENA,unlogged,N15_1_80,1
ENA,unlogged,N15_2_110,1
ENA,unlogged,N15_3_190,2
ENA,unlogged,N15_4_130,1
ENA,unlogged,N15_4_20,1
ENA,logged,N3_1_170,1
ENA,logged,N3_1_200,1
ENA,logged,N3_1_90,1
ENA,logged,N3_2_120,1
ENA,logged,N3_2_150,1
ENA,logged,N3_4_130,1
ENA,logged,N3_4_160,1
ENA,logged,N3_4_210,1
ENA,logged,N3_4_30,1
ENA,logged,N3_4_40,1
ENA,logged,N3_4_70,1
ENA,logged,N3_5_180,1
ENA,logged,N3_5_200,1
ENC,unlogged,N15_2_40,1
ENC,unlogged,N15_4_170,1
ENC,unlogged,N15_5_160,1
ENC,unlogged,N15_5_50,1
ENC,logged,N3_3_180,1
ENT,logged,N3_2_20,1
ENT,logged,N3_2_210,1
ENU,unlogged,N15_2_60,1
ENU,unlogged,N15_2_80,1
ENU,unlogged,N15_3_140,1
ENU,unlogged,N15_5_120,1
ENU,unlogged,N15_5_90,2
ES,unlogged,N15_1_180,1
ES,unlogged,N15_1_40,1
ES,unlogged,N15_1_80,1
ES,unlogged,N15_2_160,1
ES,unlogged,N15_2_20,1
ES,unlogged,N15_2_40,1
ES,unlogged,N15_2_50,1
ES,unlogged,N15_2_80,1
ES,unlogged,N15_3_180,1
ES,unlogged,N15_4_10,1
ES,unlogged,N15_4_70,1
ES,unlogged,N15_5_140,1
ES,logged,N3_1_120,1
ES,logged,N3_1_200,1
FAA,unlogged,N15_2_100,1
FAA,logged,N3_1_30,1
FAN,unlogged,N15_1_10,1
FAN,unlogged,N15_1_180,1
FAN,unlogged,N15_4_190,1
FAN,unlogged,N15_4_90,1
FAN,unlogged,N15_5_100,1
FAN,unlogged,N15_5_200,1
FAN,unlogged,N15_5_80,1
FAN,logged,N3_1_170,1
FAN,logged,N3_2_210,2
FAN,logged,N3_2_230,1
FE,unlogged,N15_3_160,1
FE,logged,N3_1_10,3
FE,logged,N3_1_20,1
FE,logged,N3_1_30,1
FE,logged,N3_1_90,1
FE,logged,N3_2_190,1
FE,logged,N3_2_210,1
FE,logged,N3_2_220,1
FE,logged,N3_2_60,2
FE,logged,N3_3_130,1
FE,logged,N3_3_190,1
FE,logged,N3_3_200,1
FE,logged,N3_3_80,1
FE,logged,N3_4_170,1
FL,unlogged,N15_3_90,1
FL,unlogged,N15_5_120,1
FLE,unlogged,N15_3_200,4
FM,logged,N3_1_170,1
FM,logged,N3_2_20,1
FMA,logged,N3_5_80,1
FMU,logged,N3_1_10,1
FMU,logged,N3_3_30,1
FMU,logged,N3_3_40,1
FMU,logged,N3_3_50,1
FMU,logged,N3_4_210,1
FN,unlogged,N15_3_60,1
FNA,logged,N3_3_190,1
FO,unlogged,N15_2_100,1
FOV,unlogged,N15_3_90,1
FPO,logged,N3_3_50,1
FSS,unlogged,N15_5_200,1
FSS,logged,N3_2_120,3
FST,logged,N3_3_110,1
FSU,unlogged,N15_1_70,1
FSU,unlogged,N15_2_130,1
FSU,unlogged,N15_3_110,1
FSU,unlogged,N15_4_30,1
FSU,unlogged,N15_4_90,1
FSU,unlogged,N15_5_110,1
FSU,unlogged,N15_5_30,2
FSU,unlogged,N15_5_90,1
FSU,logged,N3_1_120,1
FSU,logged,N3_1_130,1
FSU,logged,N3_1_140,1
FSU,logged,N3_1_150,2
FSU,logged,N3_1_160,2
FSU,logged,N3_1_30,1
FSU,logged,N3_1_70,1
FSU,logged,N3_2_10,3
FSU,logged,N3_2_120,2
FSU,logged,N3_2_130,1
FSU,logged,N3_2_160,1
FSU,logged,N3_2_20,2
FSU,logged,N3_2_200,1
FSU,logged,N3_2_220,1
FSU,logged,N3_2_250,1
FSU,logged,N3_2_30,1
FSU,logged,N3_2_40,2
FSU,logged,N3_2_50,1
FSU,logged,N3_2_60,2
FSU,logged,N3_2_70,4
FSU,logged,N3_2_90,1
FSU,logged,N3_3_130,1
FSU,logged,N3_3_140,1
FSU,logged,N3_3_150,1
FSU,logged,N3_3_190,1
FSU,logged,N3_4_60,1
FSU,logged,N3_5_10,1
FSU,logged,N3_5_30,1
FSU,logged,N3_5_40,1
FUA,unlogged,N15_1_60,1
FUA,unlogged,N15_3_190,2
FUA,unlogged,N15_4_10,1
FUA,unlogged,N15_4_20,2
FUA,unlogged,N15_4_30,10
FUA,unlogged,N15_5_100,2
FUA,unlogged,N15_5_130,1
FUA,unlogged,N15_5_20,1
FUA,unlogged,N15_5_30,3
FUE,unlogged,N15_1_10,4
FUE,unlogged,N15_1_100,4
FUE,unlogged,N15_1_110,4
FUE,unlogged,N15_1_120,2
FUE,unlogged,N15_1_130,5
FUE,unlogged,N15_1_140,2
FUE,unlogged,N15_1_150,7
FUE,unlogged,N15_1_160,3
FUE,unlogged,N15_1_170,3
FUE,unlogged,N15_1_180,3
FUE,unlogged,N15_1_190,1
FUE,unlogged,N15_1_20,3
FUE,unlogged,N15_1_200,4
FUE,unlogged,N15_1_30,2
FUE,unlogged,N15_1_40,2
FUE,unlogged,N15_1_50,5
FUE,unlogged,N15_1_60,2
FUE,unlogged,N15_1_70,1
FUE,unlogged,N15_1_80,3
FUE,unlogged,N15_1_90,1
FUE,unlogged,N15_2_10,2
FUE,unlogged,N15_2_100,6
FUE,unlogged,N15_2_120,2
FUE,unlogged,N15_2_130,4
FUE,unlogged,N15_2_140,3
FUE,unlogged,N15_2_150,1
FUE,unlogged,N15_2_160,4
FUE,unlogged,N15_2_170,1
FUE,unlogged,N15_2_180,2
FUE,unlogged,N15_2_190,6
FUE,unlogged,N15_2_20,2
FUE,unlogged,N15_2_30,6
FUE,unlogged,N15_2_40,1
FUE,unlogged,N15_2_50,3
FUE,unlogged,N15_2_70,2
FUE,unlogged,N15_2_80,1
FUE,unlogged,N15_2_90,2
FUE,unlogged,N15_3_10,2
FUE,unlogged,N15_3_100,1
FUE,unlogged,N15_3_110,1
FUE,unlogged,N15_3_120,3
FUE,unlogged,N15_3_130,4
FUE,unlogged,N15_3_150,2
FUE,unlogged,N15_3_170,1
FUE,unlogged,N15_3_180,1
FUE,unlogged,N15_3_190,6
FUE,unlogged,N15_3_20,1
FUE,unlogged,N15_3_200,45
FUE,unlogged,N15_3_40,6
FUE,unlogged,N15_3_50,1
FUE,unlogged,N15_3_60,4
FUE,unlogged,N15_3_70,2
FUE,unlogged,N15_3_80,1
FUE,unlogged,N15_4_10,4
FUE,unlogged,N15_4_100,4
FUE,unlogged,N15_4_110,3
FUE,unlogged,N15_4_120,2
FUE,unlogged,N15_4_170,2
FUE,unlogged,N15_4_180,1
FUE,unlogged,N15_4_190,8
FUE,unlogged,N15_4_20,1
FUE,unlogged,N15_4_30,2
FUE,unlogged,N15_4_40,6
FUE,unlogged,N15_4_50,1
FUE,unlogged,N15_4_60,4
FUE,unlogged,N15_4_70,3
FUE,unlogged,N15_4_80,2
FUE,unlogged,N15_4_90,3
FUE,unlogged,N15_5_10,4
FUE,unlogged,N15_5_110,5
FUE,unlogged,N15_5_120,1
FUE,unlogged,N15_5_140,3
FUE,unlogged,N15_5_150,5
FUE,unlogged,N15_5_170,3
FUE,unlogged,N15_5_180,3
FUE,unlogged,N15_5_190,5
FUE,unlogged,N15_5_200,6
FUE,unlogged,N15_5_30,2
FUE,unlogged,N15_5_40,1
FUE,unlogged,N15_5_50,4
FUE,unlogged,N15_5_80,6
FUE,unlogged,N15_5_90,1
FUE,logged,N3_1_10,14
FUE,logged,N3_1_100,13
FUE,logged,N3_1_110,19
FUE,logged,N3_1_120,16
FUE,logged,N3_1_130,23
FUE,logged,N3_1_140,22
FUE,logged,N3_1_150,12
FUE,logged,N3_1_160,12
FUE,logged,N3_1_170,6
FUE,logged,N3_1_180,2
FUE,logged,N3_1_20,6
FUE,logged,N3_1_200,4
FUE,logged,N3_1_30,17
FUE,logged,N3_1_40,5
FUE,logged,N3_1_50,8
FUE,logged,N3_1_60,5
FUE,logged,N3_1_70,8
FUE,logged,N3_1_80,8
FUE,logged,N3_1_90,6
FUE,logged,N3_2_10,19
FUE,logged,N3_2_100,21
FUE,logged,N3_2_110,26
FUE,logged,N3_2_120,11
FUE,logged,N3_2_130,8
FUE,logged,N3_2_140,12
FUE,logged,N3_2_150,4
FUE,logged,N3_2_160,6
FUE,logged,N3_2_170,34
FUE,logged,N3_2_180,21
FUE,logged,N3_2_190,16
FUE,logged,N3_2_20,27
FUE,logged,N3_2_200,19
FUE,logged,N3_2_210,12
FUE,logged,N3_2_220,8
FUE,logged,N3_2_230,12
FUE,logged,N3_2_250,2
FUE,logged,N3_2_30,4
FUE,logged,N3_2_40,31
FUE,logged,N3_2_50,11
FUE,logged,N3_2_60,11
FUE,logged,N3_2_70,11
FUE,logged,N3_2_80,11
FUE,logged,N3_2_90,7
FUE,logged,N3_3_10,12
FUE,logged,N3_3_110,9
FUE,logged,N3_3_120,4
FUE,logged,N3_3_130,4
FUE,logged,N3_3_140,10
FUE,logged,N3_3_150,9
FUE,logged,N3_3_160,6
FUE,logged,N3_3_170,11
FUE,logged,N3_3_180,12
FUE,logged,N3_3_190,11
FUE,logged,N3_3_20,4
FUE,logged,N3_3_200,18
FUE,logged,N3_3_30,5
FUE,logged,N3_3_40,6
FUE,logged,N3_3_50,5
FUE,logged,N3_3_60,3
FUE,logged,N3_3_70,10
FUE,logged,N3_3_80,3
FUE,logged,N3_3_90,4
FUE,logged,N3_4_10,8
FUE,logged,N3_4_120,5
FUE,logged,N3_4_130,1
FUE,logged,N3_4_140,7
FUE,logged,N3_4_150,23
FUE,logged,N3_4_160,8
FUE,logged,N3_4_170,13
FUE,logged,N3_4_180,8
FUE,logged,N3_4_190,13
FUE,logged,N3_4_20,5
FUE,logged,N3_4_200,20
FUE,logged,N3_4_210,9
FUE,logged,N3_4_30,2
FUE,logged,N3_4_40,6
FUE,logged,N3_4_50,4
FUE,logged,N3_4_60,3
FUE,logged,N3_5_10,4
FUE,logged,N3_5_100,8
FUE,logged,N3_5_110,10
FUE,logged,N3_5_120,5
FUE,logged,N3_5_130,1
FUE,logged,N3_5_140,4
FUE,logged,N3_5_150,1
FUE,logged,N3_5_170,6
FUE,logged,N3_5_180,1
FUE,logged,N3_5_190,18
FUE,logged,N3_5_20,2
FUE,logged,N3_5_200,21
FUE,logged,N3_5_210,12
FUE,logged,N3_5_30,3
FUE,logged,N3_5_40,11
FUE,logged,N3_5_50,2
FUE,logged,N3_5_60,5
FUE,logged,N3_5_70,2
FUE,logged,N3_5_80,2
FUE,logged,N3_5_90,3
FVR,unlogged,N15_2_180,1
FVR,unlogged,N15_3_40,1
FVR,unlogged,N15_3_90,1
FVR,unlogged,N15_5_190,1
FVR,logged,N3_1_10,2
FVR,logged,N3_1_140,1
FVR,logged,N3_1_180,1
FVR,logged,N3_1_40,1
FVR,logged,N3_1_70,2
FVR,logged,N3_1_90,1
FVR,logged,N3_2_160,1
FVR,logged,N3_2_180,1
FVR,logged,N3_2_190,1
FVR,logged,N3_2_20,1
FVR,logged,N3_2_40,1
FVR,logged,N3_2_50,1
FVR,logged,N3_2_60,1
FVR,logged,N3_2_70,2
FVR,logged,N3_2_90,1
FVR,logged,N3_3_190,1
FVR,logged,N3_3_200,1
FVR,logged,N3_4_200,1
FVR,logged,N3_4_210,1
FVR,logged,N3_5_170,1
GC,unlogged,N15_1_10,3
GC,unlogged,N15_1_150,1
GC,unlogged,N15_1_200,1
GC,unlogged,N15_1_40,1
GC,unlogged,N15_1_50,1
GC,unlogged,N15_1_80,1
GC,unlogged,N15_1_90,1
GC,unlogged,N15_2_180,2
GC,unlogged,N15_2_20,1
GC,unlogged,N15_2_60,1
GC,unlogged,N15_2_70,1
GC,unlogged,N15_2_90,1
GC,unlogged,N15_3_10,1
GC,unlogged,N15_3_40,1
GC,unlogged,N15_3_50,1
GC,unlogged,N15_4_110,1
GC,unlogged,N15_4_150,1
GC,unlogged,N15_4_180,1
GC,unlogged,N15_4_60,1
GC,unlogged,N15_4_80,1
GC,unlogged,N15_5_110,1
GC,unlogged,N15_5_130,1
GC,unlogged,N15_5_140,1
GC,logged,N3_1_50,3
GC,logged,N3_2_250,1
GC,logged,N3_3_20,1
GC,logged,N3_4_120,1
GC,logged,N3_4_130,2
GC,logged,N3_4_140,1
GC,logged,N3_4_190,1
GC,logged,N3_4_40,3
GC,logged,N3_4_60,1
GC,logged,N3_4_70,1
GC,logged,N3_5_100,3
GC,logged,N3_5_110,3
GC,logged,N3_5_20,1
GC,logged,N3_5_50,3
GC,logged,N3_5_70,4
GC,logged,N3_5_80,1
GC,logged,N3_5_90,1
GH,logged,N3_1_50,1
GM,logged,N3_1_40,1
GR,logged,N3_2_240,1
GR,logged,N3_3_70,1
GR,logged,N3_4_110,2
GS,unlogged,N15_1_100,1
GS,unlogged,N15_1_170,1
GS,unlogged,N15_1_180,3
GS,unlogged,N15_1_190,1
GS,unlogged,N15_1_20,1
GS,unlogged,N15_1_40,2
GS,unlogged,N15_1_50,4
GS,unlogged,N15_1_80,4
GS,unlogged,N15_2_10,1
GS,unlogged,N15_2_110,2
GS,unlogged,N15_2_120,1
GS,unlogged,N15_2_130,2
GS,unlogged,N15_2_150,1
GS,unlogged,N15_2_160,2
GS,unlogged,N15_2_40,2
GS,unlogged,N15_2_60,2
GS,unlogged,N15_2_70,6
GS,unlogged,N15_2_80,3
GS,unlogged,N15_2_90,1
GS,unlogged,N15_3_130,1
GS,unlogged,N15_3_150,1
GS,unlogged,N15_3_170,1
GS,unlogged,N15_3_70,1
GS,unlogged,N15_4_10,1
GS,unlogged,N15_4_110,1
GS,unlogged,N15_4_160,1
GS,unlogged,N15_4_50,1
GS,unlogged,N15_4_70,1
GS,unlogged,N15_5_10,1
GS,unlogged,N15_5_110,2
GS,unlogged,N15_5_130,1
GS,unlogged,N15_5_140,4
GS,unlogged,N15_5_160,1
GS,unlogged,N15_5_200,2
GS,unlogged,N15_5_30,3
GS,unlogged,N15_5_60,1
GS,logged,N3_1_10,2
GS,logged,N3_1_100,1
GS,logged,N3_1_110,1
GS,logged,N3_1_120,1
GS,logged,N3_1_140,3
GS,logged,N3_1_160,2
GS,logged,N3_1_170,1
GS,logged,N3_1_70,1
GS,logged,N3_1_90,1
GS,logged,N3_2_220,3
GS,logged,N3_3_10,3
GS,logged,N3_3_130,1
GS,logged,N3_3_170,1
GS,logged,N3_3_180,1
GS,logged,N3_3_20,1
GS,logged,N3_3_30,5
GS,logged,N3_4_120,2
GS,logged,N3_4_40,5
GS,logged,N3_4_50,2
GS,logged,N3_4_60,1
GS,logged,N3_4_70,3
GS,logged,N3_4_90,1
GS,logged,N3_5_110,2
GS,logged,N3_5_120,1
GS,logged,N3_5_130,1
GS,logged,N3_5_160,2
GS,logged,N3_5_180,1
GS,logged,N3_5_190,1
GS,logged,N3_5_30,1
GS,logged,N3_5_60,1
GS,logged,N3_5_70,7
GS,logged,N3_5_80,3
GS,logged,N3_5_90,1
HG,unlogged,N15_1_100,1
HG,unlogged,N15_1_60,1
HG,unlogged,N15_2_120,1
HG,unlogged,N15_2_200,1
HG,unlogged,N15_3_140,1
HG,unlogged,N15_3_190,2
HG,unlogged,N15_3_70,1
HG,unlogged,N15_4_110,2
HG,unlogged,N15_4_80,1
HG,unlogged,N15_5_120,2
HG,logged,N3_1_180,2
HG,logged,N3_1_20,1
HG,logged,N3_1_60,1
HG,logged,N3_2_100,1
HG,logged,N3_2_120,2
HG,logged,N3_2_130,4
HG,logged,N3_2_160,1
HG,logged,N3_2_170,1
HG,logged,N3_2_30,1
HG,logged,N3_2_40,1
HG,logged,N3_2_80,1
HG,logged,N3_2_90,1
HG,logged,N3_3_10,1
HG,logged,N3_3_110,3
HG,logged,N3_3_130,1
HG,logged,N3_3_150,1
HG,logged,N3_3_70,1
HG,logged,N3_3_80,1
HG,logged,N3_3_90,1
HG,logged,N3_4_110,1
HG,logged,N3_4_130,2
HG,logged,N3_4_140,1
HG,logged,N3_4_190,2
HG,logged,N3_5_130,1
HG,logged,N3_5_160,1
HG,logged,N3_5_170,3
HG,logged,N3_5_180,2
HG,logged,N3_5_200,2
HG,logged,N3_5_210,1
IG,unlogged,N15_5_70,1
KA,unlogged,N15_1_140,1
KA,unlogged,N15_1_170,1
KA,unlogged,N15_1_180,1
KA,unlogged,N15_1_190,1
KA,unlogged,N15_1_20,2
KA,unlogged,N15_1_30,1
KA,unlogged,N15_1_50,1
KA,unlogged,N15_1_60,2
KA,unlogged,N15_1_70,1
KA,unlogged,N15_2_100,1
KA,unlogged,N15_2_130,1
KA,unlogged,N15_2_160,1
KA,unlogged,N15_2_170,2
KA,unlogged,N15_2_180,1
KA,unlogged,N15_2_190,1
KA,unlogged,N15_2_200,1
KA,unlogged,N15_2_30,1
KA,unlogged,N15_2_90,1
KA,unlogged,N15_3_10,2
KA,unlogged,N15_3_100,2
KA,unlogged,N15_3_120,1
KA,unlogged,N15_3_130,1
KA,unlogged,N15_3_150,1
KA,unlogged,N15_3_160,2
KA,unlogged,N15_3_50,1
KA,unlogged,N15_3_60,1
KA,unlogged,N15_4_110,2
KA,unlogged,N15_4_120,1
KA,unlogged,N15_4_130,4
KA,unlogged,N15_4_140,2
KA,unlogged,N15_4_160,2
KA,unlogged,N15_4_170,1
KA,unlogged,N15_4_180,2
KA,unlogged,N15_4_190,2
KA,unlogged,N15_4_60,1
KA,unlogged,N15_4_70,3
KA,unlogged,N15_4_90,1
KA,unlogged,N15_5_10,2
KA,unlogged,N15_5_100,3
KA,unlogged,N15_5_110,3
KA,unlogged,N15_5_120,4
KA,unlogged,N15_5_150,3
KA,unlogged,N15_5_170,1
KA,unlogged,N15_5_20,1
KA,unlogged,N15_5_30,1
KA,unlogged,N15_5_40,1
KA,unlogged,N15_5_80,2
KA,unlogged,N15_5_90,1
KA,logged,N3_1_10,1
KA,logged,N3_1_100,2
KA,logged,N3_1_110,1
KA,logged,N3_1_140,1
KA,logged,N3_1_150,1
KA,logged,N3_1_160,4
KA,logged,N3_1_180,2
KA,logged,N3_1_190,1
KA,logged,N3_1_20,6
KA,logged,N3_1_200,2
KA,logged,N3_1_30,3
KA,logged,N3_1_40,2
KA,logged,N3_1_50,1
KA,logged,N3_1_60,4
KA,logged,N3_1_70,2
KA,logged,N3_1_90,3
KA,logged,N3_2_10,2
KA,logged,N3_2_100,2
KA,logged,N3_2_110,2
KA,logged,N3_2_120,1
KA,logged,N3_2_130,1
KA,logged,N3_2_140,2
KA,logged,N3_2_150,1
KA,logged,N3_2_160,2
KA,logged,N3_2_170,2
KA,logged,N3_2_180,2
KA,logged,N3_2_20,2
KA,logged,N3_2_230,1
KA,logged,N3_2_240,1
KA,logged,N3_2_250,1
KA,logged,N3_2_30,1
KA,logged,N3_2_50,3
KA,logged,N3_2_70,1
KA,logged,N3_2_80,5
KA,logged,N3_3_10,1
KA,logged,N3_3_120,1
KA,logged,N3_3_130,1
KA,logged,N3_3_140,1
KA,logged,N3_3_160,1
KA,logged,N3_3_170,3
KA,logged,N3_3_180,2
KA,logged,N3_3_190,2
KA,logged,N3_3_20,1
KA,logged,N3_3_40,3
KA,logged,N3_3_50,1
KA,logged,N3_3_60,2
KA,logged,N3_3_70,3
KA,logged,N3_3_80,2
KA,logged,N3_3_90,1
KA,logged,N3_4_120,2
KA,logged,N3_4_130,1
KA,logged,N3_4_170,1
KA,logged,N3_4_190,1
KA,logged,N3_4_210,1
KA,logged,N3_4_70,1
KA,logged,N3_5_10,1
KA,logged,N3_5_100,1
KA,logged,N3_5_110,3
KA,logged,N3_5_120,2
KA,logged,N3_5_130,3
KA,logged,N3_5_150,4
KA,logged,N3_5_160,1
KA,logged,N3_5_170,3
KA,logged,N3_5_180,1
KA,logged,N3_5_30,2
KA,logged,N3_5_50,1
KA,logged,N3_5_60,1
KLG,unlogged,N15_1_10,1
KLG,unlogged,N15_1_200,1
KLG,unlogged,N15_4_10,1
KLG,unlogged,N15_4_50,1
KLG,unlogged,N15_4_90,1
KLG,unlogged,N15_5_130,1
KLG,unlogged,N15_5_50,1
KLG,logged,N3_2_250,1
KLG,logged,N3_3_160,1
KLG,logged,N3_4_20,2
KLG,logged,N3_4_30,8
KLG,logged,N3_4_40,1
KLG,logged,N3_4_70,1
KLG,logged,N3_4_90,1
KLG,logged,N3_5_150,1
KLG,logged,N3_5_70,1
LA,logged,N3_2_80,1
LM,unlogged,N15_1_10,17
LM,unlogged,N15_1_100,4
LM,unlogged,N15_1_110,19
LM,unlogged,N15_1_120,8
LM,unlogged,N15_1_130,10
LM,unlogged,N15_1_140,7
LM,unlogged,N15_1_150,11
LM,unlogged,N15_1_160,11
LM,unlogged,N15_1_170,13
LM,unlogged,N15_1_180,15
LM,unlogged,N15_1_190,8
LM,unlogged,N15_1_20,8
LM,unlogged,N15_1_200,12
LM,unlogged,N15_1_30,11
LM,unlogged,N15_1_40,20
LM,unlogged,N15_1_50,14
LM,unlogged,N15_1_60,16
LM,unlogged,N15_1_70,8
LM,unlogged,N15_1_80,10
LM,unlogged,N15_1_90,1
LM,unlogged,N15_2_10,21
LM,unlogged,N15_2_100,24
LM,unlogged,N15_2_110,23
LM,unlogged,N15_2_120,9
LM,unlogged,N15_2_130,25
LM,unlogged,N15_2_140,13
LM,unlogged,N15_2_150,15
LM,unlogged,N15_2_160,21
LM,unlogged,N15_2_170,14
LM,unlogged,N15_2_180,19
LM,unlogged,N15_2_190,3
LM,unlogged,N15_2_20,13
LM,unlogged,N15_2_200,17
LM,unlogged,N15_2_30,15
LM,unlogged,N15_2_40,15
LM,unlogged,N15_2_50,14
LM,unlogged,N15_2_60,16
LM,unlogged,N15_2_70,4
LM,unlogged,N15_2_80,27
LM,unlogged,N15_2_90,3
LM,unlogged,N15_3_10,12
LM,unlogged,N15_3_100,8
LM,unlogged,N15_3_110,16
LM,unlogged,N15_3_120,11
LM,unlogged,N15_3_130,12
LM,unlogged,N15_3_140,19
LM,unlogged,N15_3_150,19
LM,unlogged,N15_3_160,14
LM,unlogged,N15_3_170,9
LM,unlogged,N15_3_180,2
LM,unlogged,N15_3_20,18
LM,unlogged,N15_3_30,17
LM,unlogged,N15_3_40,13
LM,unlogged,N15_3_50,5
LM,unlogged,N15_3_60,8
LM,unlogged,N15_3_70,10
LM,unlogged,N15_3_80,9
LM,unlogged,N15_3_90,13
LM,unlogged,N15_4_10,9
LM,unlogged,N15_4_100,10
LM,unlogged,N15_4_110,21
LM,unlogged,N15_4_120,12
LM,unlogged,N15_4_130,27
LM,unlogged,N15_4_140,8
LM,unlogged,N15_4_150,13
LM,unlogged,N15_4_160,4
LM,unlogged,N15_4_170,2
LM,unlogged,N15_4_20,11
LM,unlogged,N15_4_30,5
LM,unlogged,N15_4_40,9
LM,unlogged,N15_4_50,22
LM,unlogged,N15_4_60,18
LM,unlogged,N15_4_70,8
LM,unlogged,N15_4_80,11
LM,unlogged,N15_4_90,8
LM,unlogged,N15_5_10,6
LM,unlogged,N15_5_100,13
LM,unlogged,N15_5_110,16
LM,unlogged,N15_5_120,1
LM,unlogged,N15_5_140,23
LM,unlogged,N15_5_150,12
LM,unlogged,N15_5_160,20
LM,unlogged,N15_5_170,13
LM,unlogged,N15_5_180,7
LM,unlogged,N15_5_190,6
LM,unlogged,N15_5_20,12
LM,unlogged,N15_5_200,4
LM,unlogged,N15_5_30,6
LM,unlogged,N15_5_40,12
LM,unlogged,N15_5_50,8
LM,unlogged,N15_5_60,25
LM,unlogged,N15_5_70,18
LM,unlogged,N15_5_80,3
LM,unlogged,N15_5_90,8
LM,logged,N3_1_100,1
LM,logged,N3_1_120,4
LM,logged,N3_1_130,4
LM,logged,N3_1_150,1
LM,logged,N3_1_160,3
LM,logged,N3_1_170,1
LM,logged,N3_1_180,2
LM,logged,N3_1_190,22
LM,logged,N3_1_20,1
LM,logged,N3_1_200,15
LM,logged,N3_1_30,2
LM,logged,N3_1_40,4
LM,logged,N3_1_50,3
LM,logged,N3_1_60,5
LM,logged,N3_1_90,7
LM,logged,N3_2_10,3
LM,logged,N3_2_100,1
LM,logged,N3_2_120,4
LM,logged,N3_2_130,6
LM,logged,N3_2_150,3
LM,logged,N3_2_160,2
LM,logged,N3_2_20,1
LM,logged,N3_2_210,5
LM,logged,N3_2_230,3
LM,logged,N3_2_240,5
LM,logged,N3_2_250,11
LM,logged,N3_2_30,4
LM,logged,N3_2_50,5
LM,logged,N3_2_60,4
LM,logged,N3_2_70,1
LM,logged,N3_2_80,2
LM,logged,N3_2_90,1
LM,logged,N3_3_110,10
LM,logged,N3_3_120,5
LM,logged,N3_3_130,6
LM,logged,N3_3_140,5
LM,logged,N3_3_150,7
LM,logged,N3_3_160,4
LM,logged,N3_3_170,9
LM,logged,N3_3_180,11
LM,logged,N3_3_190,6
LM,logged,N3_3_200,1
LM,logged,N3_3_50,2
LM,logged,N3_3_60,3
LM,logged,N3_3_70,4
LM,logged,N3_3_80,6
LM,logged,N3_3_90,16
LM,logged,N3_4_10,3
LM,logged,N3_4_110,3
LM,logged,N3_4_120,8
LM,logged,N3_4_130,19
LM,logged,N3_4_140,24
LM,logged,N3_4_150,8
LM,logged,N3_4_160,12
LM,logged,N3_4_170,6
LM,logged,N3_4_180,2
LM,logged,N3_4_190,2
LM,logged,N3_4_20,8
LM,logged,N3_4_200,2
LM,logged,N3_4_30,3
LM,logged,N3_4_40,1
LM,logged,N3_4_50,2
LM,logged,N3_4_60,5
LM,logged,N3_4_70,10
LM,logged,N3_4_90,5
LM,logged,N3_5_10,7
LM,logged,N3_5_100,15
LM,logged,N3_5_110,7
LM,logged,N3_5_120,16
LM,logged,N3_5_130,16
LM,logged,N3_5_140,13
LM,logged,N3_5_150,7
LM,logged,N3_5_160,15
LM,logged,N3_5_170,3
LM,logged,N3_5_180,12
LM,logged,N3_5_190,2
LM,logged,N3_5_20,8
LM,logged,N3_5_200,1
LM,logged,N3_5_30,3
LM,logged,N3_5_40,5
LM,logged,N3_5_50,2
LM,logged,N3_5_80,3
LM,logged,N3_5_90,3
LOVAO,logged,N3_3_50,1
LOVAO,logged,N3_3_70,1
LOVAO,unlogged,N15_4_90,1
LPD,unlogged,N15_1_40,1
LPD,unlogged,N15_2_90,1
LPD,unlogged,N15_3_120,1
LPD,unlogged,N15_3_130,1
LPD,unlogged,N15_4_120,2
LPD,logged,N3_1_200,1
LPM,unlogged,N15_1_200,1
LPM,unlogged,N15_1_30,2
LPM,unlogged,N15_1_90,2
LPM,unlogged,N15_2_180,1
LPM,unlogged,N15_2_200,1
LPM,unlogged,N15_2_50,2
LPM,unlogged,N15_2_60,3
LPM,unlogged,N15_3_190,2
LPM,unlogged,N15_3_60,1
LPM,unlogged,N15_4_30,1
LPM,unlogged,N15_5_110,1
LPM,unlogged,N15_5_190,1
LPM,unlogged,N15_5_30,1
LPM,unlogged,N15_5_40,1
LPM,logged,N3_1_130,1
LPM,logged,N3_1_140,2
LPM,logged,N3_1_200,1
LPM,logged,N3_1_60,1
LPM,logged,N3_1_70,1
LPM,logged,N3_2_140,1
LPM,logged,N3_2_210,2
LPM,logged,N3_2_220,2
LPM,logged,N3_2_40,1
LPM,logged,N3_2_60,1
LPM,logged,N3_4_180,1
LPM,logged,N3_4_60,1
LPM,logged,N3_4_70,1
LPM,logged,N3_5_100,1
LPM,logged,N3_5_150,1
LPM,logged,N3_5_190,1
LPM,logged,N3_5_70,2
LPM,logged,N3_5_90,1
LSY,logged,N3_3_140,1
LT,unlogged,N15_3_100,2
LT,unlogged,N15_3_30,1
LYC,unlogged,N15_1_180,1
LYC,unlogged,N15_1_50,3
LYC,unlogged,N15_1_60,1
LYC,unlogged,N15_1_70,2
LYC,unlogged,N15_1_90,1
LYC,unlogged,N15_2_110,1
LYC,unlogged,N15_2_180,1
LYC,unlogged,N15_2_50,1
LYC,unlogged,N15_2_80,1
LYC,unlogged,N15_3_10,1
LYC,unlogged,N15_3_110,2
LYC,unlogged,N15_3_160,1
LYC,unlogged,N15_3_20,2
LYC,unlogged,N15_3_200,2
LYC,unlogged,N15_3_70,1
LYC,unlogged,N15_4_110,1
LYC,unlogged,N15_4_120,1
LYC,unlogged,N15_4_160,1
LYC,unlogged,N15_4_170,2
LYC,unlogged,N15_4_180,2
LYC,unlogged,N15_4_190,1
LYC,unlogged,N15_4_20,1
LYC,unlogged,N15_5_110,1
LYC,unlogged,N15_5_120,1
LYC,unlogged,N15_5_130,1
LYC,unlogged,N15_5_160,1
LYC,unlogged,N15_5_200,1
LYC,logged,N3_1_140,1
LYC,logged,N3_1_150,2
LYC,logged,N3_1_170,1
LYC,logged,N3_1_180,2
LYC,logged,N3_1_200,1
LYC,logged,N3_2_160,1
LYC,logged,N3_2_230,5
LYC,logged,N3_2_30,1
LYC,logged,N3_3_10,1
LYC,logged,N3_3_110,2
LYC,logged,N3_3_150,3
LYC,logged,N3_4_20,1
LYC,logged,N3_5_10,2
LYC,logged,N3_5_200,1
MA,unlogged,N15_1_30,1
MA,unlogged,N15_1_60,3
MA,unlogged,N15_2_50,2
MA,unlogged,N15_4_140,1
MA,unlogged,N15_4_160,1
MA,unlogged,N15_4_180,1
MA,unlogged,N15_4_60,1
MA,unlogged,N15_5_30,1
MA,unlogged,N15_5_50,1
MA,unlogged,N15_5_60,1
MA,unlogged,N15_5_70,2
MA,unlogged,N15_5_80,1
MA,logged,N3_1_180,1
MA,logged,N3_2_140,2
MA,logged,N3_2_150,3
MA,logged,N3_2_200,1
MA,logged,N3_2_220,1
MA,logged,N3_3_170,1
MA,logged,N3_3_50,1
MA,logged,N3_3_80,5
MA,logged,N3_4_120,1
MA,logged,N3_4_70,1
MA,logged,N3_5_120,1
MA,logged,N3_5_40,2
MA,logged,N3_5_90,2
MBG,unlogged,N15_5_50,2
MD,unlogged,N15_3_180,1
MD,logged,N3_2_60,1
MDI,unlogged,N15_1_10,1
MDI,unlogged,N15_1_100,1
MDI,unlogged,N15_2_130,1
MDI,unlogged,N15_2_200,1
MDI,unlogged,N15_2_90,1
MDI,unlogged,N15_3_110,1
MDI,unlogged,N15_3_150,2
MDI,unlogged,N15_4_110,1
MDI,unlogged,N15_4_130,1
MDI,unlogged,N15_4_150,1
MDI,unlogged,N15_4_30,1
MDI,unlogged,N15_5_110,1
MDI,unlogged,N15_5_150,1
MDI,unlogged,N15_5_190,1
MDI,unlogged,N15_5_200,1
MDI,logged,N3_1_120,2
MDI,logged,N3_1_140,1
MDI,logged,N3_1_160,2
MDI,logged,N3_1_20,1
MDI,logged,N3_1_40,1
MDI,logged,N3_1_50,3
MDI,logged,N3_1_90,1
MDI,logged,N3_2_10,4
MDI,logged,N3_2_160,1
MDI,logged,N3_2_190,3
MDI,logged,N3_2_200,2
MDI,logged,N3_2_230,1
MDI,logged,N3_2_240,2
MDI,logged,N3_2_30,1
MDI,logged,N3_2_40,2
MDI,logged,N3_2_50,2
MDI,logged,N3_2_60,2
MDI,logged,N3_3_120,1
MDI,logged,N3_3_130,1
MDI,logged,N3_3_140,2
MDI,logged,N3_3_160,1
MDI,logged,N3_3_20,3
MDI,logged,N3_3_200,1
MDI,logged,N3_3_30,1
MDI,logged,N3_3_40,1
MDI,logged,N3_3_50,1
MDI,logged,N3_3_80,1
MDI,logged,N3_4_10,2
MDI,logged,N3_4_170,2
MDI,logged,N3_4_180,1
MDI,logged,N3_4_190,1
MDI,logged,N3_4_210,2
MDI,logged,N3_4_60,1
MDI,logged,N3_4_90,1
MDI,logged,N3_5_10,1
MDI,logged,N3_5_140,2
MDI,logged,N3_5_150,1
MDI,logged,N3_5_180,1
MDI,logged,N3_5_190,1
MDI,logged,N3_5_20,1
MDI,logged,N3_5_210,1
MDI,logged,N3_5_30,1
MDI,logged,N3_5_40,3
MDI,logged,N3_5_50,1
MDI,logged,N3_5_80,1
ME,unlogged,N15_1_180,1
ME,unlogged,N15_1_200,1
ME,unlogged,N15_1_50,2
ME,unlogged,N15_1_70,1
ME,unlogged,N15_2_110,1
ME,unlogged,N15_2_150,1
ME,unlogged,N15_2_190,1
ME,unlogged,N15_2_30,2
ME,unlogged,N15_2_70,1
ME,unlogged,N15_3_110,1
ME,unlogged,N15_3_170,1
ME,unlogged,N15_3_180,1
ME,unlogged,N15_3_40,1
ME,unlogged,N15_3_60,1
ME,unlogged,N15_3_70,1
ME,unlogged,N15_4_10,1
ME,unlogged,N15_4_50,1
ME,unlogged,N15_4_90,1
ME,unlogged,N15_5_10,1
ME,unlogged,N15_5_110,1
ME,unlogged,N15_5_130,1
ME,unlogged,N15_5_170,1
ME,unlogged,N15_5_200,1
ME,unlogged,N15_5_40,2
ME,logged,N3_1_10,2
ME,logged,N3_1_100,1
ME,logged,N3_1_130,1
ME,logged,N3_1_20,1
ME,logged,N3_1_70,1
ME,logged,N3_2_100,4
ME,logged,N3_2_140,1
ME,logged,N3_2_180,3
ME,logged,N3_2_190,2
ME,logged,N3_2_20,1
ME,logged,N3_2_220,1
ME,logged,N3_2_250,1
ME,logged,N3_2_40,1
ME,logged,N3_2_50,1
ME,logged,N3_2_60,2
ME,logged,N3_3_10,1
ME,logged,N3_3_180,2
ME,logged,N3_3_190,1
ME,logged,N3_3_200,3
ME,logged,N3_3_40,1
ME,logged,N3_4_170,1
ME,logged,N3_4_180,2
ME,logged,N3_4_190,1
ME,logged,N3_4_200,3
ME,logged,N3_4_40,1
ME,logged,N3_4_50,2
ME,logged,N3_4_60,1
ME,logged,N3_5_140,1
ME,logged,N3_5_190,1
ME,logged,N3_5_200,1
ME,logged,N3_5_210,1
ME,logged,N3_5_40,2
ME,logged,N3_5_60,1
MEL,unlogged,N15_1_180,1
MEL,unlogged,N15_2_90,1
MEL,unlogged,N15_3_130,1
MEL,unlogged,N15_3_80,1
MEL,unlogged,N15_4_70,1
MEL,unlogged,N15_5_10,1
MEL,unlogged,N15_5_160,1
MEL,unlogged,N15_5_80,2
MEL,logged,N3_1_130,2
MEL,logged,N3_1_160,1
MEL,logged,N3_1_180,1
MEL,logged,N3_1_20,2
MEL,logged,N3_1_40,2
MEL,logged,N3_1_90,1
MEL,logged,N3_2_180,1
MEL,logged,N3_2_60,1
MEL,logged,N3_3_120,1
MEL,logged,N3_3_140,1
MEL,logged,N3_3_170,1
MEL,logged,N3_3_20,1
MEL,logged,N3_3_30,1
MEL,logged,N3_4_150,1
MEL,logged,N3_4_180,1
MEL,logged,N3_4_200,1
MEL,logged,N3_5_10,1
MEX,unlogged,N15_1_10,2
MEX,unlogged,N15_1_130,1
MEX,unlogged,N15_4_190,1
MEX,unlogged,N15_5_190,1
MEX,logged,N3_1_10,1
MEX,logged,N3_1_40,1
MEX,logged,N3_1_60,1
MEX,logged,N3_1_70,1
MEX,logged,N3_2_10,2
MEX,logged,N3_2_180,1
MEX,logged,N3_2_30,1
MEX,logged,N3_2_40,1
MEX,logged,N3_2_60,1
MEX,logged,N3_2_70,1
MEX,logged,N3_3_110,1
MEX,logged,N3_3_170,1
MEX,logged,N3_3_20,1
MEX,logged,N3_3_40,1
MEX,logged,N3_3_50,1
MEX,logged,N3_3_70,1
MEX,logged,N3_4_200,1
MEX,logged,N3_4_210,2
MEX,logged,N3_4_40,1
MIE,unlogged,N15_3_170,1
MIE,unlogged,N15_3_180,1
MIE,unlogged,N15_3_20,1
MIE,unlogged,N15_4_170,1
MIE,logged,N3_5_200,1
MIL,unlogged,N15_2_170,1
MIL,unlogged,N15_5_190,1
ML,unlogged,N15_1_170,1
MLS,logged,N3_3_190,1
MM,unlogged,N15_2_20,1
MM,unlogged,N15_2_90,2
MO,logged,N3_4_90,2
MOA,logged,N3_1_120,1
MOA,logged,N3_1_140,1
MOA,logged,N3_1_170,2
MOA,logged,N3_2_110,4
MOA,logged,N3_2_210,1
MOA,logged,N3_2_30,3
MOA,logged,N3_5_110,2
MOA,logged,N3_5_140,1
MOA,logged,N3_5_150,2
MOA,logged,N3_5_40,3
MOA,logged,N3_5_50,1
MOL,unlogged,N15_1_110,1
MOL,unlogged,N15_1_190,1
MOL,unlogged,N15_3_100,1
MOL,unlogged,N15_3_170,1
MOL,unlogged,N15_4_70,1
MOL,unlogged,N15_5_100,1
MOL,unlogged,N15_5_110,1
MOL,unlogged,N15_5_40,1
MOL,logged,N3_1_130,2
MOL,logged,N3_1_190,1
MOL,logged,N3_1_20,1
MOL,logged,N3_2_240,1
MOL,logged,N3_3_50,1
MOL,logged,N3_4_30,1
MOL,logged,N3_4_70,1
MP,unlogged,N15_1_60,1
MRB,unlogged,N15_3_180,1
MS,unlogged,N15_5_120,1
MS,unlogged,N15_5_130,5
MST,unlogged,N15_5_120,5
MST,logged,N3_5_150,5
MST,logged,N3_5_160,1
MYH,unlogged,N15_1_10,1
MYH,unlogged,N15_1_170,1
MYH,unlogged,N15_1_190,1
MYH,unlogged,N15_1_200,1
MYH,unlogged,N15_1_30,2
MYH,unlogged,N15_3_150,1
MYH,unlogged,N15_3_180,1
MYH,unlogged,N15_3_190,1
MYH,unlogged,N15_3_20,1
MYH,unlogged,N15_3_200,7
MYH,unlogged,N15_3_60,1
MYH,unlogged,N15_3_80,1
MYH,unlogged,N15_4_110,1
MYH,unlogged,N15_4_180,2
MYH,unlogged,N15_4_190,1
MYH,unlogged,N15_4_70,2
MYH,unlogged,N15_5_200,8
MYH,unlogged,N15_5_60,1
MYH,unlogged,N15_5_80,2
MYH,unlogged,N15_5_90,3
MYH,logged,N3_1_100,2
MYH,logged,N3_1_110,2
MYH,logged,N3_1_120,2
MYH,logged,N3_1_130,1
MYH,logged,N3_1_150,5
MYH,logged,N3_1_170,1
MYH,logged,N3_1_180,4
MYH,logged,N3_1_190,1
MYH,logged,N3_1_30,1
MYH,logged,N3_1_40,1
MYH,logged,N3_1_60,1
MYH,logged,N3_1_80,3
MYH,logged,N3_1_90,2
MYH,logged,N3_2_10,2
MYH,logged,N3_2_110,3
MYH,logged,N3_2_140,3
MYH,logged,N3_2_150,2
MYH,logged,N3_2_220,3
MYH,logged,N3_2_230,1
MYH,logged,N3_2_240,1
MYH,logged,N3_2_250,3
MYH,logged,N3_2_70,1
MYH,logged,N3_3_10,1
MYH,logged,N3_3_180,2
MYH,logged,N3_3_190,2
MYH,logged,N3_3_30,1
MYH,logged,N3_3_40,5
MYH,logged,N3_3_50,4
MYH,logged,N3_3_70,1
MYH,logged,N3_4_10,4
MYH,logged,N3_4_110,1
MYH,logged,N3_4_120,1
MYH,logged,N3_4_130,1
MYH,logged,N3_4_180,2
MYH,logged,N3_4_210,1
MYH,logged,N3_4_40,1
MYH,logged,N3_4_50,1
MYH,logged,N3_4_60,1
MYH,logged,N3_4_70,1
MYH,logged,N3_5_10,1
MYH,logged,N3_5_110,1
MYH,logged,N3_5_120,1
MYH,logged,N3_5_130,1
MYH,logged,N3_5_150,1
MYH,logged,N3_5_180,2
MYH,logged,N3_5_200,5
MYH,logged,N3_5_210,1
MYH,logged,N3_5_30,2
MYH,logged,N3_5_50,2
MYH,logged,N3_5_60,3
MYH,logged,N3_5_70,1
NUETONIA,unlogged,N15_3_120,1
OB,unlogged,N15_2_50,2
OB,unlogged,N15_2_70,1
OUH,unlogged,N15_5_120,9
OUH,unlogged,N15_5_130,2
OUH,logged,N3_2_250,1
OUH,logged,N3_5_60,2
PAT,logged,N3_5_40,1
PD,logged,N3_1_50,1
PG,logged,N3_5_210,1
PHD,logged,N3_4_190,1
PN,logged,N3_1_50,1
PN,logged,N3_2_250,1
PSG,logged,N3_2_190,1
PSG,logged,N3_2_40,5
PSM,unlogged,N15_4_140,1
PSM,unlogged,N15_4_150,2
PSM,unlogged,N15_5_130,1
PSM,logged,N3_1_180,1
PSM,logged,N3_1_80,1
PSM,logged,N3_1_90,1
PSM,logged,N3_4_60,1
PYA,logged,N3_3_150,1
PYA,logged,N3_4_150,1
RH,unlogged,N15_1_160,1
RH,unlogged,N15_3_110,1
RH,unlogged,N15_4_140,1
RH,logged,N3_1_50,2
RH,logged,N3_1_70,1
RH,logged,N3_2_140,1
RH,logged,N3_2_150,1
RH,logged,N3_2_170,1
RH,logged,N3_2_180,2
RH,logged,N3_2_200,1
RH,logged,N3_2_240,1
RH,logged,N3_3_170,1
RH,logged,N3_4_190,2
RH,logged,N3_4_70,1
RH,logged,N3_5_210,1
RI,unlogged,N15_1_10,10
RI,unlogged,N15_1_100,8
RI,unlogged,N15_1_110,4
RI,unlogged,N15_1_120,20
RI,unlogged,N15_1_130,6
RI,unlogged,N15_1_140,12
RI,unlogged,N15_1_150,10
RI,unlogged,N15_1_160,15
RI,unlogged,N15_1_170,9
RI,unlogged,N15_1_190,4
RI,unlogged,N15_1_20,7
RI,unlogged,N15_1_200,2
RI,unlogged,N15_1_30,1
RI,unlogged,N15_1_40,3
RI,unlogged,N15_1_50,4
RI,unlogged,N15_1_60,3
RI,unlogged,N15_1_70,12
RI,unlogged,N15_1_80,10
RI,unlogged,N15_1_90,3
RI,unlogged,N15_2_100,7
RI,unlogged,N15_2_110,2
RI,unlogged,N15_2_120,13
RI,unlogged,N15_2_130,7
RI,unlogged,N15_2_140,13
RI,unlogged,N15_2_150,10
RI,unlogged,N15_2_160,7
RI,unlogged,N15_2_170,3
RI,unlogged,N15_2_180,1
RI,unlogged,N15_2_190,15
RI,unlogged,N15_2_20,6
RI,unlogged,N15_2_200,18
RI,unlogged,N15_2_30,8
RI,unlogged,N15_2_50,2
RI,unlogged,N15_2_60,13
RI,unlogged,N15_2_70,5
RI,unlogged,N15_2_80,1
RI,unlogged,N15_2_90,7
RI,unlogged,N15_3_10,2
RI,unlogged,N15_3_100,14
RI,unlogged,N15_3_110,4
RI,unlogged,N15_3_130,1
RI,unlogged,N15_3_140,2
RI,unlogged,N15_3_160,12
RI,unlogged,N15_3_170,8
RI,unlogged,N15_3_180,1
RI,unlogged,N15_3_20,16
RI,unlogged,N15_3_30,16
RI,unlogged,N15_3_40,6
RI,unlogged,N15_3_50,28
RI,unlogged,N15_3_60,4
RI,unlogged,N15_3_70,1
RI,unlogged,N15_3_80,13
RI,unlogged,N15_3_90,6
RI,unlogged,N15_4_10,5
RI,unlogged,N15_4_100,6
RI,unlogged,N15_4_110,4
RI,unlogged,N15_4_130,7
RI,unlogged,N15_4_160,1
RI,unlogged,N15_4_170,1
RI,unlogged,N15_4_20,25
RI,unlogged,N15_4_30,5
RI,unlogged,N15_4_40,18
RI,unlogged,N15_4_50,10
RI,unlogged,N15_4_60,11
RI,unlogged,N15_4_70,9
RI,unlogged,N15_4_80,2
RI,unlogged,N15_4_90,4
RI,unlogged,N15_5_10,15
RI,unlogged,N15_5_110,6
RI,unlogged,N15_5_120,1
RI,unlogged,N15_5_140,3
RI,unlogged,N15_5_150,1
RI,unlogged,N15_5_170,10
RI,unlogged,N15_5_180,1
RI,unlogged,N15_5_190,7
RI,unlogged,N15_5_20,2
RI,unlogged,N15_5_30,4
RI,unlogged,N15_5_40,15
RI,unlogged,N15_5_50,12
RI,unlogged,N15_5_60,9
RI,unlogged,N15_5_70,8
RI,unlogged,N15_5_80,3
RI,unlogged,N15_5_90,14
RI,logged,N3_1_110,2
RI,logged,N3_1_120,1
RI,logged,N3_1_140,2
RI,logged,N3_1_160,1
RI,logged,N3_1_180,3
RI,logged,N3_1_190,7
RI,logged,N3_1_50,3
RI,logged,N3_1_70,2
RI,logged,N3_1_90,1
RI,logged,N3_2_120,1
RI,logged,N3_2_130,2
RI,logged,N3_2_180,3
RI,logged,N3_2_210,1
RI,logged,N3_2_230,5
RI,logged,N3_2_250,5
RI,logged,N3_3_10,5
RI,logged,N3_3_110,7
RI,logged,N3_3_120,9
RI,logged,N3_3_130,2
RI,logged,N3_3_140,1
RI,logged,N3_3_150,2
RI,logged,N3_3_160,2
RI,logged,N3_3_170,5
RI,logged,N3_3_180,4
RI,logged,N3_3_190,8
RI,logged,N3_3_200,1
RI,logged,N3_3_50,1
RI,logged,N3_3_60,3
RI,logged,N3_3_80,3
RI,logged,N3_3_90,14
RI,logged,N3_4_110,4
RI,logged,N3_4_120,10
RI,logged,N3_4_130,5
RI,logged,N3_4_140,1
RI,logged,N3_4_160,1
RI,logged,N3_4_170,1
RI,logged,N3_4_180,1
RI,logged,N3_4_190,2
RI,logged,N3_4_200,1
RI,logged,N3_4_30,1
RI,logged,N3_4_40,1
RI,logged,N3_4_50,4
RI,logged,N3_4_60,2
RI,logged,N3_5_110,11
RI,logged,N3_5_120,1
RI,logged,N3_5_140,13
RI,logged,N3_5_180,3
RI,logged,N3_5_190,6
RI,logged,N3_5_20,2
RI,logged,N3_5_200,3
RI,logged,N3_5_30,6
RI,logged,N3_5_40,1
RI,logged,N3_5_70,3
RI,logged,N3_5_80,1
RI,logged,N3_5_90,1
RISENONED,logged,N3_2_120,1
SA,unlogged,N15_2_30,1
SA,logged,N3_2_250,1
SC,unlogged,N15_1_70,1
SC,unlogged,N15_2_150,1
SE,logged,N3_2_120,1
SE,logged,N3_4_100,1
SE,logged,N3_4_110,1
SE,logged,N3_4_90,1
SPI,unlogged,N15_5_120,2
SS,unlogged,N15_5_130,1
SS,logged,N3_2_120,1
STR,logged,N3_1_150,2
STR,logged,N3_1_160,1
STR,logged,N3_1_50,1
STR,logged,N3_2_110,1
STR,logged,N3_2_230,1
STR,logged,N3_5_200,1
TAF,unlogged,N15_1_10,1
TAF,unlogged,N15_1_100,2
TAF,unlogged,N15_1_130,3
TAF,unlogged,N15_1_150,4
TAF,unlogged,N15_1_180,1
TAF,unlogged,N15_1_190,1
TAF,unlogged,N15_1_20,1
TAF,unlogged,N15_1_200,1
TAF,unlogged,N15_1_70,2
TAF,unlogged,N15_1_80,1
TAF,unlogged,N15_1_90,1
TAF,unlogged,N15_2_120,1
TAF,unlogged,N15_2_140,1
TAF,unlogged,N15_2_150,1
TAF,unlogged,N15_2_190,1
TAF,unlogged,N15_2_40,1
TAF,unlogged,N15_2_50,1
TAF,unlogged,N15_2_70,1
TAF,unlogged,N15_3_10,2
TAF,unlogged,N15_3_100,2
TAF,unlogged,N15_3_110,1
TAF,unlogged,N15_3_150,2
TAF,unlogged,N15_3_170,1
TAF,unlogged,N15_3_190,2
TAF,unlogged,N15_3_20,1
TAF,unlogged,N15_3_200,1
TAF,unlogged,N15_3_30,1
TAF,unlogged,N15_3_40,1
TAF,unlogged,N15_4_10,1
TAF,unlogged,N15_4_100,1
TAF,unlogged,N15_4_110,1
TAF,unlogged,N15_4_150,1
TAF,unlogged,N15_4_160,1
TAF,unlogged,N15_4_180,4
TAF,unlogged,N15_4_190,3
TAF,unlogged,N15_4_40,2
TAF,unlogged,N15_4_50,1
TAF,unlogged,N15_4_60,1
TAF,unlogged,N15_5_100,1
TAF,unlogged,N15_5_110,1
TAF,unlogged,N15_5_140,1
TAF,unlogged,N15_5_200,1
TAF,unlogged,N15_5_50,1
TAF,unlogged,N15_5_80,1
TAF,unlogged,N15_5_90,3
TAF,logged,N3_1_10,1
TAF,logged,N3_1_110,1
TAF,logged,N3_1_120,4
TAF,logged,N3_1_130,3
TAF,logged,N3_1_140,2
TAF,logged,N3_1_150,1
TAF,logged,N3_1_180,2
TAF,logged,N3_1_190,1
TAF,logged,N3_1_20,1
TAF,logged,N3_1_30,1
TAF,logged,N3_1_40,3
TAF,logged,N3_1_70,1
TAF,logged,N3_1_90,1
TAF,logged,N3_2_100,1
TAF,logged,N3_2_110,1
TAF,logged,N3_2_120,2
TAF,logged,N3_2_150,3
TAF,logged,N3_2_160,1
TAF,logged,N3_2_190,1
TAF,logged,N3_2_210,3
TAF,logged,N3_2_30,1
TAF,logged,N3_2_40,1
TAF,logged,N3_2_80,2
TAF,logged,N3_2_90,5
TAF,logged,N3_3_10,1
TAF,logged,N3_3_110,1
TAF,logged,N3_3_130,3
TAF,logged,N3_3_140,4
TAF,logged,N3_3_150,3
TAF,logged,N3_3_170,2
TAF,logged,N3_3_180,2
TAF,logged,N3_3_190,2
TAF,logged,N3_3_20,2
TAF,logged,N3_3_200,3
TAF,logged,N3_3_30,4
TAF,logged,N3_3_50,1
TAF,logged,N3_3_60,1
TAF,logged,N3_3_90,2
TAF,logged,N3_4_10,1
TAF,logged,N3_4_120,1
TAF,logged,N3_4_130,1
TAF,logged,N3_4_150,1
TAF,logged,N3_4_160,2
TAF,logged,N3_4_170,3
TAF,logged,N3_4_180,7
TAF,logged,N3_4_190,2
TAF,logged,N3_4_20,5
TAF,logged,N3_4_200,2
TAF,logged,N3_4_210,3
TAF,logged,N3_4_30,1
TAF,logged,N3_4_60,1
TAF,logged,N3_4_70,1
TAF,logged,N3_5_10,2
TAF,logged,N3_5_100,1
TAF,logged,N3_5_130,1
TAF,logged,N3_5_170,2
TAF,logged,N3_5_180,1
TAF,logged,N3_5_190,1
TAF,logged,N3_5_20,1
TAF,logged,N3_5_200,2
TAF,logged,N3_5_210,2
TAF,logged,N3_5_30,1
TAF,logged,N3_5_40,2
TAF,logged,N3_5_50,1
TAF,logged,N3_5_60,1
TAF,logged,N3_5_80,2
TAF,logged,N3_5_90,1
TD,unlogged,N15_2_70,1
TD,logged,N3_1_100,1
TD,logged,N3_3_30,1
TH,unlogged,N15_1_20,1
TH,unlogged,N15_1_40,1
TH,unlogged,N15_1_50,2
TH,unlogged,N15_1_80,1
TH,unlogged,N15_1_90,1
TH,unlogged,N15_2_140,1
TH,unlogged,N15_2_150,1
TH,unlogged,N15_2_20,1
TH,unlogged,N15_2_30,1
TH,unlogged,N15_2_50,1
TH,unlogged,N15_2_70,1
TH,unlogged,N15_3_120,1
TH,unlogged,N15_3_130,2
TH,unlogged,N15_3_160,1
TH,unlogged,N15_3_190,2
TH,unlogged,N15_3_200,4
TH,unlogged,N15_4_100,2
TH,unlogged,N15_4_110,1
TH,unlogged,N15_4_120,3
TH,unlogged,N15_4_70,1
TH,unlogged,N15_4_80,1
TH,unlogged,N15_4_90,2
TH,unlogged,N15_5_100,1
TH,unlogged,N15_5_110,3
TH,unlogged,N15_5_60,4
TH,unlogged,N15_5_80,2
TH,unlogged,N15_5_90,1
TH,logged,N3_1_100,1
TH,logged,N3_1_130,1
TH,logged,N3_1_160,1
TH,logged,N3_1_170,1
TH,logged,N3_1_180,1
TH,logged,N3_1_70,1
TH,logged,N3_1_90,2
TH,logged,N3_2_130,2
TH,logged,N3_2_20,1
TH,logged,N3_2_210,1
TH,logged,N3_2_30,1
TH,logged,N3_2_50,2
TH,logged,N3_2_60,1
TH,logged,N3_4_140,1
TH,logged,N3_4_170,1
TH,logged,N3_4_20,1
TH,logged,N3_4_50,3
TH,logged,N3_4_60,1
TH,logged,N3_5_130,1
TH,logged,N3_5_150,2
TH,logged,N3_5_170,1
TH,logged,N3_5_180,1
TH,logged,N3_5_40,1
TH,logged,N3_5_60,2
TN,unlogged,N15_1_180,1
TN,unlogged,N15_1_70,1
TN,unlogged,N15_1_90,1
TN,unlogged,N15_4_100,1
TN,unlogged,N15_5_100,1
TN,logged,N3_1_90,1
TN,logged,N3_2_130,1
TN,logged,N3_2_220,1
TN,logged,N3_2_230,1
TN,logged,N3_2_250,2
TN,logged,N3_3_110,1
TN,logged,N3_3_80,1
TN,logged,N3_5_40,1
TN,logged,N3_5_60,1
TO,unlogged,N15_1_130,3
TO,unlogged,N15_2_140,1
TO,unlogged,N15_2_170,1
TO,unlogged,N15_2_90,1
TO,unlogged,N15_4_180,3
TO,unlogged,N15_5_130,1
TO,unlogged,N15_5_60,1
TO,logged,N3_4_20,1
TRD,logged,N3_1_10,1
TRD,logged,N3_1_60,1
TRD,logged,N3_2_70,1
TRP,unlogged,N15_1_110,1
TRP,unlogged,N15_1_130,1
TRP,unlogged,N15_1_140,2
TRP,unlogged,N15_1_150,1
TRP,unlogged,N15_1_170,1
TRP,unlogged,N15_1_180,2
TRP,unlogged,N15_1_190,1
TRP,unlogged,N15_1_30,1
TRP,unlogged,N15_1_40,1
TRP,unlogged,N15_1_70,1
TRP,unlogged,N15_2_100,1
TRP,unlogged,N15_2_190,3
TRP,unlogged,N15_2_200,1
TRP,unlogged,N15_2_40,1
TRP,unlogged,N15_2_80,1
TRP,unlogged,N15_2_90,1
TRP,unlogged,N15_3_130,1
TRP,unlogged,N15_3_140,1
TRP,unlogged,N15_3_150,1
TRP,unlogged,N15_3_160,1
TRP,unlogged,N15_3_170,1
TRP,unlogged,N15_3_190,7
TRP,unlogged,N15_3_50,1
TRP,unlogged,N15_3_70,2
TRP,unlogged,N15_3_90,1
TRP,unlogged,N15_4_10,1
TRP,unlogged,N15_4_110,1
TRP,unlogged,N15_4_130,1
TRP,unlogged,N15_4_160,1
TRP,unlogged,N15_4_170,6
TRP,unlogged,N15_4_180,1
TRP,unlogged,N15_4_190,2
TRP,unlogged,N15_4_30,4
TRP,unlogged,N15_4_40,1
TRP,unlogged,N15_4_60,1
TRP,unlogged,N15_4_70,1
TRP,unlogged,N15_4_90,1
TRP,unlogged,N15_5_10,1
TRP,unlogged,N15_5_110,2
TRP,unlogged,N15_5_180,1
TRP,unlogged,N15_5_200,1
TRP,unlogged,N15_5_30,1
TRP,unlogged,N15_5_40,3
TRP,unlogged,N15_5_60,1
TRP,unlogged,N15_5_80,1
TRP,unlogged,N15_5_90,1
TRP,logged,N3_1_10,1
TRP,logged,N3_1_100,3
TRP,logged,N3_1_110,1
TRP,logged,N3_1_120,2
TRP,logged,N3_1_130,1
TRP,logged,N3_1_140,6
TRP,logged,N3_1_160,7
TRP,logged,N3_1_170,1
TRP,logged,N3_1_20,1
TRP,logged,N3_1_200,1
TRP,logged,N3_1_30,1
TRP,logged,N3_1_60,4
TRP,logged,N3_1_70,1
TRP,logged,N3_1_90,2
TRP,logged,N3_2_10,2
TRP,logged,N3_2_110,1
TRP,logged,N3_2_140,2
TRP,logged,N3_2_150,3
TRP,logged,N3_2_160,1
TRP,logged,N3_2_190,3
TRP,logged,N3_2_200,1
TRP,logged,N3_2_210,9
TRP,logged,N3_2_230,2
TRP,logged,N3_2_250,2
TRP,logged,N3_2_30,1
TRP,logged,N3_2_40,1
TRP,logged,N3_2_60,1
TRP,logged,N3_2_90,1
TRP,logged,N3_3_10,1
TRP,logged,N3_3_110,2
TRP,logged,N3_3_120,1
TRP,logged,N3_3_130,2
TRP,logged,N3_3_140,2
TRP,logged,N3_3_150,3
TRP,logged,N3_3_160,5
TRP,logged,N3_3_170,2
TRP,logged,N3_3_180,4
TRP,logged,N3_3_190,3
TRP,logged,N3_3_60,3
TRP,logged,N3_3_70,2
TRP,logged,N3_3_80,1
TRP,logged,N3_3_90,1
TRP,logged,N3_4_150,5
TRP,logged,N3_4_160,3
TRP,logged,N3_4_170,3
TRP,logged,N3_4_180,2
TRP,logged,N3_4_190,2
TRP,logged,N3_4_200,1
TRP,logged,N3_4_210,1
TRP,logged,N3_4_30,2
TRP,logged,N3_4_40,4
TRP,logged,N3_4_70,2
TRP,logged,N3_5_10,4
TRP,logged,N3_5_110,2
TRP,logged,N3_5_130,1
TRP,logged,N3_5_140,2
TRP,logged,N3_5_150,1
TRP,logged,N3_5_180,2
TRP,logged,N3_5_190,1
TRP,logged,N3_5_20,1
TRP,logged,N3_5_30,1
TRP,logged,N3_5_40,3
TRP,logged,N3_5_60,1
TRP,logged,N3_5_70,3
TRP,logged,N3_5_90,1
TRR,unlogged,N15_1_10,5
TRR,unlogged,N15_1_100,2
TRR,unlogged,N15_1_110,5
TRR,unlogged,N15_1_120,4
TRR,unlogged,N15_1_130,1
TRR,unlogged,N15_1_150,10
TRR,unlogged,N15_1_160,10
TRR,unlogged,N15_1_20,1
TRR,unlogged,N15_1_30,1
TRR,unlogged,N15_1_40,6
TRR,unlogged,N15_1_50,5
TRR,unlogged,N15_1_60,7
TRR,unlogged,N15_1_70,1
TRR,unlogged,N15_1_80,2
TRR,unlogged,N15_2_10,5
TRR,unlogged,N15_2_100,3
TRR,unlogged,N15_2_110,1
TRR,unlogged,N15_2_120,1
TRR,unlogged,N15_2_140,1
TRR,unlogged,N15_2_150,10
TRR,unlogged,N15_2_160,1
TRR,unlogged,N15_2_180,2
TRR,unlogged,N15_2_190,1
TRR,unlogged,N15_2_20,2
TRR,unlogged,N15_2_200,1
TRR,unlogged,N15_2_30,4
TRR,unlogged,N15_2_50,2
TRR,unlogged,N15_2_60,2
TRR,unlogged,N15_2_90,12
TRR,unlogged,N15_3_10,4
TRR,unlogged,N15_3_100,5
TRR,unlogged,N15_3_120,2
TRR,unlogged,N15_3_130,4
TRR,unlogged,N15_3_140,2
TRR,unlogged,N15_3_150,1
TRR,unlogged,N15_3_160,3
TRR,unlogged,N15_3_170,4
TRR,unlogged,N15_3_180,8
TRR,unlogged,N15_3_190,9
TRR,unlogged,N15_3_200,2
TRR,unlogged,N15_3_30,1
TRR,unlogged,N15_3_50,3
TRR,unlogged,N15_3_60,3
TRR,unlogged,N15_3_70,2
TRR,unlogged,N15_3_80,2
TRR,unlogged,N15_4_10,1
TRR,unlogged,N15_4_100,1
TRR,unlogged,N15_4_110,5
TRR,unlogged,N15_4_150,2
TRR,unlogged,N15_4_160,6
TRR,unlogged,N15_4_170,2
TRR,unlogged,N15_4_180,10
TRR,unlogged,N15_4_190,15
TRR,unlogged,N15_4_30,2
TRR,unlogged,N15_4_40,2
TRR,unlogged,N15_4_50,3
TRR,unlogged,N15_4_60,8
TRR,unlogged,N15_4_70,3
TRR,unlogged,N15_4_90,7
TRR,unlogged,N15_5_100,4
TRR,unlogged,N15_5_110,4
TRR,unlogged,N15_5_120,14
TRR,unlogged,N15_5_130,21
TRR,unlogged,N15_5_150,1
TRR,unlogged,N15_5_160,1
TRR,unlogged,N15_5_170,6
TRR,unlogged,N15_5_180,2
TRR,unlogged,N15_5_200,3
TRR,unlogged,N15_5_30,4
TRR,unlogged,N15_5_50,2
TRR,unlogged,N15_5_60,1
TRR,unlogged,N15_5_80,2
TRR,unlogged,N15_5_90,3
TRR,logged,N3_1_110,1
TRR,logged,N3_1_130,1
TRR,logged,N3_1_140,3
TRR,logged,N3_1_150,5
TRR,logged,N3_1_160,4
TRR,logged,N3_1_170,2
TRR,logged,N3_1_180,4
TRR,logged,N3_1_20,2
TRR,logged,N3_1_200,1
TRR,logged,N3_1_30,8
TRR,logged,N3_1_40,13
TRR,logged,N3_1_50,9
TRR,logged,N3_1_80,5
TRR,logged,N3_1_90,1
TRR,logged,N3_2_10,3
TRR,logged,N3_2_120,2
TRR,logged,N3_2_130,3
TRR,logged,N3_2_140,5
TRR,logged,N3_2_150,13
TRR,logged,N3_2_160,2
TRR,logged,N3_2_170,4
TRR,logged,N3_2_180,2
TRR,logged,N3_2_20,1
TRR,logged,N3_2_220,6
TRR,logged,N3_2_250,7
TRR,logged,N3_2_30,3
TRR,logged,N3_3_10,2
TRR,logged,N3_3_110,3
TRR,logged,N3_3_120,8
TRR,logged,N3_3_130,3
TRR,logged,N3_3_140,4
TRR,logged,N3_3_150,2
TRR,logged,N3_3_180,6
TRR,logged,N3_3_190,1
TRR,logged,N3_3_20,3
TRR,logged,N3_3_30,7
TRR,logged,N3_3_40,1
TRR,logged,N3_3_50,1
TRR,logged,N3_3_70,1
TRR,logged,N3_4_10,3
TRR,logged,N3_4_120,3
TRR,logged,N3_4_130,5
TRR,logged,N3_4_140,8
TRR,logged,N3_4_150,5
TRR,logged,N3_4_170,3
TRR,logged,N3_4_180,2
TRR,logged,N3_4_190,1
TRR,logged,N3_4_210,6
TRR,logged,N3_4_50,4
TRR,logged,N3_4_60,4
TRR,logged,N3_4_70,4
TRR,logged,N3_5_10,2
TRR,logged,N3_5_100,1
TRR,logged,N3_5_110,3
TRR,logged,N3_5_120,4
TRR,logged,N3_5_130,4
TRR,logged,N3_5_140,1
TRR,logged,N3_5_180,3
TRR,logged,N3_5_190,2
TRR,logged,N3_5_20,2
TRR,logged,N3_5_200,6
TRR,logged,N3_5_210,5
TRR,logged,N3_5_30,5
TRR,logged,N3_5_40,1
TRR,logged,N3_5_60,4
TRR,logged,N3_5_70,2
TT,unlogged,N15_1_130,2
TT,unlogged,N15_1_180,1
TT,unlogged,N15_1_70,3
TT,unlogged,N15_2_130,1
TT,unlogged,N15_2_170,1
TT,unlogged,N15_2_180,2
TT,unlogged,N15_3_10,1
TT,unlogged,N15_3_150,2
TT,unlogged,N15_3_180,1
TT,unlogged,N15_3_200,1
TT,unlogged,N15_4_100,1
TT,unlogged,N15_4_170,1
TT,unlogged,N15_4_180,1
TT,unlogged,N15_4_40,1
TT,unlogged,N15_5_140,1
TT,unlogged,N15_5_160,1
TT,unlogged,N15_5_200,1
TT,unlogged,N15_5_60,1
TT,logged,N3_2_140,1
TT,logged,N3_2_180,1
TT,logged,N3_2_210,2
TT,logged,N3_2_240,1
TT,logged,N3_2_30,1
TT,logged,N3_2_50,1
TT,logged,N3_2_70,1
TT,logged,N3_3_160,1
TT,logged,N3_3_180,3
TT,logged,N3_4_30,1
TT,logged,N3_5_180,1
TT,logged,N3_5_70,1
UC,logged,N3_1_120,1
UC,logged,N3_1_130,1
UC,logged,N3_1_200,1
UC,logged,N3_1_70,1
UC,logged,N3_2_40,1
UC,logged,N3_3_110,1
UC,logged,N3_3_130,1
UC,logged,N3_3_160,1
UC,logged,N3_3_30,2
UC,logged,N3_3_50,1
UC,logged,N3_3_90,1
UC,logged,N3_4_170,1
UC,logged,N3_5_200,1
UC,logged,N3_5_30,2
UC,logged,N3_5_50,1
UC,logged,N3_5_60,1
UC,logged,N3_5_80,2
UNK,unlogged,N15_1_200,1
UNK,unlogged,N15_1_60,1
UNK,unlogged,N15_3_190,1
UNK,unlogged,N15_3_200,1
UNK,unlogged,N15_4_190,1
UNK,unlogged,N15_4_80,1
UNK,logged,N3_1_130,1
UNK,logged,N3_1_160,1
UNK,logged,N3_1_180,1
UNK,logged,N3_2_10,1
UNK,logged,N3_2_130,1
UNK,logged,N3_2_150,1
UNK,logged,N3_2_250,5
UNK,logged,N3_2_70,1
UNK,logged,N3_3_10,1
UNK,logged,N3_3_160,1
UNK,logged,N3_3_70,2
UNK,logged,N3_3_80,1
UNK,logged,N3_3_90,1
UNK,logged,N3_4_170,1
UNK,logged,N3_4_90,2
UNK,logged,N3_5_100,1
UNK,logged,N3_5_150,1
UNK,logged,N3_5_30,1
UNK,logged,N3_5_60,1
UNK 4,logged,N3_1_170,1
UNK3,logged,N3_1_50,1
UNK5,logged,N3_2_240,1
UNK6,logged,N3_3_40,2
VAM,logged,N3_1_170,1
VAM,logged,N3_4_90,1
VAM,logged,N3_5_160,2
VAM,logged,N3_5_170,1
