spec,comp,plot.id,abundance
CAL,N3,N3_5_90,1
MOL,N3,N3_4_30,1
AAL,N3,N3_2_100,1
AAL,N3,N3_5_100,1
AB,N15,N15  _5_50,1
AB,N15,N15 _ 4_100,1
AB,N15,N15 _2_160,1
AC,N3,N3_4_100,12
AC,N3,N3_4_110,8
AL,N15,N15  _5_160,2
AL,N15,N15  _5_180,1
AL,N15,N15  _5_190,1
AL,N15,N15  _5_30,1
AL,N15,N15 _ 4_100,1
AL,N15,N15 _ 4_140,1
AL,N15,N15 _ 4_150,1
AL,N15,N15 _2_140,1
AL,N15,N15 _2_150,2
AL,N3,N3_1_100,3
AL,N3,N3_1_140,2
AL,N3,N3_1_150,3
AL,N3,N3_1_160,1
AL,N3,N3_1_170,1
AL,N3,N3_1_180,1
AL,N3,N3_1_30,2
AL,N3,N3_1_40,1
AL,N3,N3_1_60,4
AL,N3,N3_2_100,1
AL,N3,N3_2_120,7
AL,N3,N3_2_130,1
AL,N3,N3_2_140,1
AL,N3,N3_2_150,1
AL,N3,N3_2_160,1
AL,N3,N3_2_170,7
AL,N3,N3_2_190,1
AL,N3,N3_2_20,2
AL,N3,N3_2_40,3
AL,N3,N3_2_80,1
AL,N3,N3_3_10,1
AL,N3,N3_3_110,3
AL,N3,N3_3_120,3
AL,N3,N3_3_130,2
AL,N3,N3_3_140,3
AL,N3,N3_3_160,1
AL,N3,N3_3_170,1
AL,N3,N3_3_180,1
AL,N3,N3_3_190,3
AL,N3,N3_3_20,1
AL,N3,N3_3_200,4
AL,N3,N3_3_30,1
AL,N3,N3_3_40,1
AL,N3,N3_3_60,2
AL,N3,N3_3_70,3
AL,N3,N3_4_10,5
AL,N3,N3_4_140,1
AL,N3,N3_4_180,1
AL,N3,N3_4_190,1
AL,N3,N3_4_210,1
AL,N3,N3_4_30,1
AL,N3,N3_4_40,1
AL,N3,N3_4_60,2
AL,N3,N3_4_70,2
AL,N3,N3_5_10,8
AL,N3,N3_5_110,2
AL,N3,N3_5_130,2
AL,N3,N3_5_160,1
AL,N3,N3_5_170,2
AL,N3,N3_5_180,1
AL,N3,N3_5_20,1
AL,N3,N3_5_30,4
AL,N3,N3_5_50,2
AL,N3,N3_5_70,1
AL,N3,N3_5_80,1
AL,N3,N3_5_90,3
ALB,N3,N3_2_70,3
ANL,N15,N15  _5_120,1
ANL,N15,N15  _5_130,1
ANL,N15,N15  _5_160,1
ANL,N15,N15  _5_30,1
ANL,N15,N15  _5_70,1
ANL,N15,N15 _ 4_100,1
ANL,N15,N15 _ 4_120,1
ANL,N15,N15 _ 4_160,1
ANL,N15,N15 _ 4_170,2
ANL,N15,N15 _ 4_60,1
ANL,N15,N15 _ 4_90,1
ANL,N15,N15 _1_10,2
ANL,N15,N15 _1_180,1
ANL,N15,N15 _1_190,1
ANL,N15,N15 _1_30,1
ANL,N15,N15 _1_60,1
ANL,N15,N15 _1_70,1
ANL,N15,N15 _1_80,1
ANL,N15,N15 _2_100,3
ANL,N15,N15 _2_120,1
ANL,N15,N15 _2_130,1
ANL,N15,N15 _2_160,2
ANL,N15,N15 _2_180,1
ANL,N15,N15 _2_190,1
ANL,N15,N15 _2_40,2
ANL,N15,N15 _2_50,1
ANL,N15,N15 _2_60,1
ANL,N15,N15 _2_70,2
ANL,N15,N15 _2_80,1
ANL,N15,N15 _2_90,1
ANL,N15,N15 _3_100,1
ANL,N15,N15 _3_130,2
ANL,N15,N15 _3_190,1
ANL,N3,N3_1_150,1
ANL,N3,N3_1_170,1
ANL,N3,N3_1_190,1
ANL,N3,N3_1_60,1
ANL,N3,N3_1_80,1
ANL,N3,N3_2_110,1
ANL,N3,N3_4_10,2
ANL,N3,N3_4_100,1
ANL,N3,N3_4_150,1
ANL,N3,N3_4_180,1
ANL,N3,N3_4_200,1
ANL,N3,N3_4_40,2
ANL,N3,N3_4_70,1
ANL,N3,N3_4_90,1
ANL,N3,N3_5_190,1
ANL,N3,N3_5_210,1
ANT,N15,N15  _5_100,1
ANT,N15,N15  _5_110,1
ANT,N15,N15  _5_140,1
ANT,N15,N15  _5_180,2
ANT,N15,N15 _ 4_10,1
ANT,N15,N15 _1_100,1
ANT,N15,N15 _1_180,2
ANT,N15,N15 _1_190,1
ANT,N15,N15 _1_20,3
ANT,N15,N15 _1_80,2
ANT,N15,N15 _2_150,1
ANT,N15,N15 _2_20,3
ANT,N15,N15 _2_50,1
ANT,N15,N15 _2_80,1
ANT,N15,N15 _3_110,2
ANT,N15,N15 _3_130,2
ANT,N15,N15 _3_180,1
ANT,N15,N15 _3_20,1
ANT,N15,N15 _3_30,1
ANT,N15,N15 _3_70,1
ANT,N15,N15 _3_90,1
ANT,N3,N3_1_10,3
ANT,N3,N3_1_110,1
ANT,N3,N3_1_120,1
ANT,N3,N3_1_130,1
ANT,N3,N3_1_140,1
ANT,N3,N3_1_160,1
ANT,N3,N3_1_180,1
ANT,N3,N3_1_190,1
ANT,N3,N3_1_200,2
ANT,N3,N3_1_50,2
ANT,N3,N3_1_60,1
ANT,N3,N3_1_90,1
ANT,N3,N3_2_10,1
ANT,N3,N3_2_100,2
ANT,N3,N3_2_110,1
ANT,N3,N3_2_120,3
ANT,N3,N3_2_130,2
ANT,N3,N3_2_140,3
ANT,N3,N3_2_160,3
ANT,N3,N3_2_210,2
ANT,N3,N3_2_220,2
ANT,N3,N3_2_30,1
ANT,N3,N3_2_70,1
ANT,N3,N3_2_90,1
ANT,N3,N3_3_20,2
ANT,N3,N3_3_40,1
ANT,N3,N3_4_10,1
ANT,N3,N3_4_120,2
ANT,N3,N3_4_140,3
ANT,N3,N3_4_170,1
ANT,N3,N3_4_190,1
ANT,N3,N3_4_40,2
ANT,N3,N3_4_60,1
ANT,N3,N3_4_70,1
ANT,N3,N3_5_140,1
ANT,N3,N3_5_170,1
ANT,N3,N3_5_180,2
ANT,N3,N3_5_200,1
ANT,N3,N3_5_90,1
ANT,N3,N3_3_110,2
ANT,N3,N3_3_140,1
ANT,N3,N3_3_170,1
ANT,N3,N3_3_190,1
ANT,N3,N3_3_200,1
ANT,N3,N3_5_10,1
AZ,N15,N15 _ 4_190,1
AZ,N15,N15 _1_40,1
AZ,N15,N15 _1_50,1
AZ,N15,N15 _1_60,1
AZ,N15,N15 _2_100,1
AZ,N15,N15 _2_150,3
AZ,N15,N15 _2_30,1
AZ,N15,N15 _3_130,1
AZ,N3,N3_1_10,1
AZ,N3,N3_1_100,5
AZ,N3,N3_1_110,2
AZ,N3,N3_1_130,2
AZ,N3,N3_1_180,1
AZ,N3,N3_1_20,4
AZ,N3,N3_1_40,2
AZ,N3,N3_1_50,6
AZ,N3,N3_1_60,3
AZ,N3,N3_1_70,12
AZ,N3,N3_1_80,6
AZ,N3,N3_1_90,1
AZ,N3,N3_2_10,1
AZ,N3,N3_2_100,2
AZ,N3,N3_2_110,11
AZ,N3,N3_2_130,7
AZ,N3,N3_2_140,3
AZ,N3,N3_2_150,1
AZ,N3,N3_2_160,11
AZ,N3,N3_2_170,1
AZ,N3,N3_2_180,3
AZ,N3,N3_2_190,4
AZ,N3,N3_2_20,1
AZ,N3,N3_2_200,5
AZ,N3,N3_2_240,1
AZ,N3,N3_2_30,1
AZ,N3,N3_2_40,30
AZ,N3,N3_2_50,4
AZ,N3,N3_2_60,1
AZ,N3,N3_2_80,1
AZ,N3,N3_2_90,1
AZ,N3,N3_3_10,1
AZ,N3,N3_3_110,2
AZ,N3,N3_3_160,5
AZ,N3,N3_3_190,4
AZ,N3,N3_3_20,2
AZ,N3,N3_3_200,3
AZ,N3,N3_3_30,7
AZ,N3,N3_3_40,5
AZ,N3,N3_3_50,6
AZ,N3,N3_3_60,2
AZ,N3,N3_3_70,3
AZ,N3,N3_4_120,1
AZ,N3,N3_4_130,1
AZ,N3,N3_4_20,1
AZ,N3,N3_4_60,3
AZ,N3,N3_4_70,1
AZ,N3,N3_4_90,2
AZ,N3,N3_5_160,27
AZ,N3,N3_5_170,5
AZ,N3,N3_5_20,2
AZ,N3,N3_5_200,6
AZ,N3,N3_5_210,4
AZ,N3,N3_5_50,1
AZ,N3,N3_5_90,1
BEH,N15,N15  _5_140,6
BEH,N15,N15  _5_150,1
BEH,N15,N15  _5_170,1
BEH,N15,N15  _5_80,1
BEH,N15,N15 _ 4_110,1
BEH,N15,N15 _ 4_130,2
BEH,N15,N15 _ 4_190,2
BEH,N15,N15 _ 4_70,1
BEH,N15,N15 _ 4_90,3
BEH,N15,N15 _1_10,1
BEH,N15,N15 _1_100,1
BEH,N15,N15 _1_120,2
BEH,N15,N15 _1_130,1
BEH,N15,N15 _1_140,1
BEH,N15,N15 _1_150,2
BEH,N15,N15 _1_180,1
BEH,N15,N15 _1_190,1
BEH,N15,N15 _1_200,2
BEH,N15,N15 _1_50,4
BEH,N15,N15 _1_70,1
BEH,N15,N15 _2_10,1
BEH,N15,N15 _2_130,1
BEH,N15,N15 _2_140,1
BEH,N15,N15 _2_160,2
BEH,N15,N15 _2_180,1
BEH,N15,N15 _2_190,1
BEH,N15,N15 _2_20,1
BEH,N15,N15 _2_200,3
BEH,N15,N15 _2_40,1
BEH,N15,N15 _2_50,1
BEH,N15,N15 _2_60,5
BEH,N15,N15 _2_80,3
BEH,N15,N15 _3_100,1
BEH,N15,N15 _3_110,1
BEH,N15,N15 _3_120,2
BEH,N15,N15 _3_150,2
BEH,N15,N15 _3_40,1
BEH,N15,N15 _3_50,1
BEH,N15,N15 _3_70,2
BEH,N15,N15 _3_80,1
BEH,N3,N3_1_100,1
BEH,N3,N3_1_110,1
BEH,N3,N3_1_190,2
BEH,N3,N3_1_200,5
BEH,N3,N3_1_80,1
BEH,N3,N3_1_90,2
BEH,N3,N3_2_150,1
BEH,N3,N3_2_190,1
BEH,N3,N3_2_200,2
BEH,N3,N3_2_220,1
BEH,N3,N3_2_40,1
BEH,N3,N3_3_130,1
BEH,N3,N3_4_10,2
BEH,N3,N3_4_140,2
BEH,N3,N3_4_150,4
BEH,N3,N3_4_160,1
BEH,N3,N3_4_190,2
BEH,N3,N3_4_20,1
BEH,N3,N3_4_210,2
BEH,N3,N3_4_30,2
BEH,N3,N3_4_40,1
BEH,N3,N3_4_50,1
BEH,N3,N3_4_60,2
BEH,N3,N3_4_70,2
BEH,N3,N3_5_100,1
BEH,N3,N3_5_110,3
BEH,N3,N3_5_130,1
BEH,N3,N3_5_190,1
BEH,N3,N3_5_20,1
BEH,N3,N3_5_200,1
BEH,N3,N3_5_60,2
BEH,N3,N3_5_70,1
BEH,N3,N3_5_80,2
BEH,N3,N3_5_90,10
BEO,N15,N15  _5_120,1
BEO,N15,N15  _5_130,1
BEO,N15,N15  _5_140,3
BEO,N15,N15  _5_160,1
BEO,N15,N15  _5_170,1
BEO,N15,N15  _5_70,1
BEO,N15,N15  _5_80,1
BEO,N15,N15 _ 4_120,4
BEO,N15,N15 _ 4_180,1
BEO,N15,N15 _ 4_190,3
BEO,N15,N15 _ 4_60,1
BEO,N15,N15 _2_190,5
BEO,N15,N15 _2_200,1
BEO,N15,N15 _2_40,1
BEO,N15,N15 _2_60,1
BEO,N15,N15 _3_120,1
BEO,N15,N15 _3_150,1
BEO,N15,N15 _3_170,1
BEO,N15,N15 _3_200,1
BEO,N15,N15 _3_40,1
BLU,N3,N3_2_100,2
BP,N15,N15 _ 4_10,1
BP,N15,N15 _ 4_160,1
BP,N15,N15 _1_40,1
BP,N15,N15 _3_140,1
BP,N15,N15 _3_70,1
BP,N15,N15 _3_90,1
BP,N3,N3_1_170,1
BP,N3,N3_1_180,2
BP,N3,N3_1_30,2
BP,N3,N3_1_70,1
BP,N3,N3_2_10,1
BP,N3,N3_2_20,1
BP,N3,N3_2_30,1
BP,N3,N3_3_170,2
BP,N3,N3_3_180,1
BP,N3,N3_3_190,2
BP,N3,N3_3_30,1
BP,N3,N3_3_70,1
BP,N3,N3_4_10,1
BP,N3,N3_4_110,1
BP,N3,N3_4_120,1
BP,N3,N3_4_50,1
BP,N3,N3_5_140,1
BP,N3,N3_5_160,2
CAL,N15,N15  _5_100,2
CAL,N15,N15  _5_110,2
CAL,N15,N15  _5_120,1
CAL,N15,N15  _5_140,1
CAL,N15,N15  _5_180,2
CAL,N15,N15  _5_190,1
CAL,N15,N15  _5_20,6
CAL,N15,N15  _5_200,3
CAL,N15,N15  _5_30,1
CAL,N15,N15  _5_50,1
CAL,N15,N15  _5_80,1
CAL,N15,N15  _5_90,5
CAL,N15,N15 _ 4_10,1
CAL,N15,N15 _ 4_100,34
CAL,N15,N15 _ 4_130,3
CAL,N15,N15 _ 4_160,1
CAL,N15,N15 _ 4_170,1
CAL,N15,N15 _ 4_180,2
CAL,N15,N15 _ 4_190,3
CAL,N15,N15 _ 4_20,1
CAL,N15,N15 _ 4_40,1
CAL,N15,N15 _ 4_50,3
CAL,N15,N15 _ 4_60,1
CAL,N15,N15 _ 4_70,5
CAL,N15,N15 _ 4_80,2
CAL,N15,N15 _1_140,2
CAL,N15,N15 _1_150,2
CAL,N15,N15 _1_160,2
CAL,N15,N15 _1_190,1
CAL,N15,N15 _1_40,1
CAL,N15,N15 _1_60,3
CAL,N15,N15 _1_70,1
CAL,N15,N15 _1_80,3
CAL,N15,N15 _2_100,1
CAL,N15,N15 _2_120,2
CAL,N15,N15 _2_130,2
CAL,N15,N15 _2_140,4
CAL,N15,N15 _2_160,1
CAL,N15,N15 _2_170,2
CAL,N15,N15 _2_200,1
CAL,N15,N15 _2_40,1
CAL,N15,N15 _2_60,3
CAL,N15,N15 _2_70,1
CAL,N15,N15 _2_80,2
CAL,N15,N15 _3_10,2
CAL,N15,N15 _3_110,1
CAL,N15,N15 _3_130,2
CAL,N15,N15 _3_140,3
CAL,N15,N15 _3_150,2
CAL,N15,N15 _3_180,1
CAL,N15,N15 _3_190,1
CAL,N15,N15 _3_200,1
CAL,N15,N15 _3_30,1
CAL,N15,N15 _3_50,1
CAL,N15,N15 _3_60,9
CAL,N15,N15 _3_70,1
CAL,N15,N15 _3_90,1
CAL,N3,N3_1_110,1
CAL,N3,N3_1_130,1
CAL,N3,N3_1_140,4
CAL,N3,N3_1_150,3
CAL,N3,N3_1_200,2
CAL,N3,N3_1_30,2
CAL,N3,N3_1_60,1
CAL,N3,N3_2_10,1
CAL,N3,N3_2_100,1
CAL,N3,N3_2_120,1
CAL,N3,N3_2_140,1
CAL,N3,N3_2_200,2
CAL,N3,N3_2_210,1
CAL,N3,N3_2_220,1
CAL,N3,N3_2_240,1
CAL,N3,N3_2_250,2
CAL,N3,N3_2_30,1
CAL,N3,N3_2_40,3
CAL,N3,N3_2_50,1
CAL,N3,N3_2_80,1
CAL,N3,N3_2_90,2
CAL,N3,N3_3_130,1
CAL,N3,N3_3_140,2
CAL,N3,N3_3_150,3
CAL,N3,N3_3_160,2
CAL,N3,N3_3_170,1
CAL,N3,N3_3_180,1
CAL,N3,N3_3_200,1
CAL,N3,N3_4_120,1
CAL,N3,N3_4_160,2
CAL,N3,N3_4_190,1
CAL,N3,N3_4_20,2
CAL,N3,N3_4_200,1
CAL,N3,N3_4_210,2
CAL,N3,N3_4_40,3
CAL,N3,N3_5_10,1
CAL,N3,N3_5_100,2
CAL,N3,N3_5_110,1
CAL,N3,N3_5_130,4
CAL,N3,N3_5_150,2
CAL,N3,N3_5_180,1
CAL,N3,N3_5_190,1
CAL,N3,N3_5_210,1
CAL,N3,N3_5_50,2
CAL,N3,N3_5_60,1
CAL,N3,N3_5_70,1
CAL,N3,N3_5_80,1
CAL,N3,N3_5_90,1
CDU,N3,N3_2_80,6
CITROPSIS,N15,N15  _5_110,1
CITROPSIS,N15,N15 _ 4_60,1
CITROPSIS,N15,N15 _1_40,2
CITROPSIS,N15,N15 _1_80,1
CITROPSIS,N15,N15 _3_140,2
CITROPSIS,N15,N15 _3_80,1
CITROPSIS,N3,N3_2_140,1
CITROPSIS,N3,N3_3_50,2
CITROPSIS,N3,N3_5_40,1
CLA,N3,N3_2_80,1
CLS,N15,N15 _ 4_180,1
CLS,N3,N3_1_100,1
CLS,N3,N3_2_20,2
CLS,N3,N3_2_210,1
CLS,N3,N3_2_80,1
CLS,N3,N3_4_110,1
CLS,N3,N3_4_210,1
CMC,N15,N15  _5_120,1
CMI,N15,N15  _5_100,2
CMI,N15,N15  _5_110,1
CMI,N15,N15  _5_160,2
CMI,N15,N15  _5_170,1
CMI,N15,N15  _5_20,1
CMI,N15,N15  _5_200,1
CMI,N15,N15  _5_40,1
CMI,N15,N15  _5_80,1
CMI,N15,N15  _5_90,2
CMI,N15,N15 _ 4_10,1
CMI,N15,N15 _ 4_120,3
CMI,N15,N15 _ 4_160,1
CMI,N15,N15 _ 4_170,1
CMI,N15,N15 _ 4_190,1
CMI,N15,N15 _ 4_40,1
CMI,N15,N15 _ 4_50,1
CMI,N15,N15 _ 4_60,1
CMI,N15,N15 _ 4_70,1
CMI,N15,N15 _ 4_80,3
CMI,N15,N15 _1_10,1
CMI,N15,N15 _1_100,5
CMI,N15,N15 _1_110,2
CMI,N15,N15 _1_120,6
CMI,N15,N15 _1_130,1
CMI,N15,N15 _1_140,1
CMI,N15,N15 _1_150,3
CMI,N15,N15 _1_190,2
CMI,N15,N15 _1_20,1
CMI,N15,N15 _1_200,1
CMI,N15,N15 _1_30,4
CMI,N15,N15 _1_40,1
CMI,N15,N15 _1_50,1
CMI,N15,N15 _1_60,1
CMI,N15,N15 _1_70,4
CMI,N15,N15 _1_80,1
CMI,N15,N15 _1_90,1
CMI,N15,N15 _2_10,1
CMI,N15,N15 _2_130,2
CMI,N15,N15 _2_140,1
CMI,N15,N15 _2_160,1
CMI,N15,N15 _2_170,1
CMI,N15,N15 _2_190,1
CMI,N15,N15 _2_200,2
CMI,N15,N15 _2_30,2
CMI,N15,N15 _2_40,2
CMI,N15,N15 _2_50,1
CMI,N15,N15 _2_70,1
CMI,N15,N15 _2_80,1
CMI,N15,N15 _3_10,1
CMI,N15,N15 _3_100,1
CMI,N15,N15 _3_180,3
CMI,N15,N15 _3_190,1
CMI,N15,N15 _3_20,2
CMI,N15,N15 _3_200,1
CMI,N15,N15 _3_40,2
CMI,N3,N3_1_10,1
CMI,N3,N3_1_100,2
CMI,N3,N3_1_140,1
CMI,N3,N3_1_150,2
CMI,N3,N3_1_160,1
CMI,N3,N3_1_20,4
CMI,N3,N3_1_200,2
CMI,N3,N3_1_40,3
CMI,N3,N3_1_50,7
CMI,N3,N3_1_60,5
CMI,N3,N3_1_70,1
CMI,N3,N3_1_80,1
CMI,N3,N3_1_90,1
CMI,N3,N3_2_10,2
CMI,N3,N3_2_100,3
CMI,N3,N3_2_110,1
CMI,N3,N3_2_130,2
CMI,N3,N3_2_150,1
CMI,N3,N3_2_170,7
CMI,N3,N3_2_180,1
CMI,N3,N3_2_190,2
CMI,N3,N3_2_20,7
CMI,N3,N3_2_200,5
CMI,N3,N3_2_220,1
CMI,N3,N3_2_230,1
CMI,N3,N3_2_250,1
CMI,N3,N3_2_30,2
CMI,N3,N3_2_40,10
CMI,N3,N3_2_50,1
CMI,N3,N3_2_60,3
CMI,N3,N3_2_70,3
CMI,N3,N3_2_80,2
CMI,N3,N3_2_90,1
CMI,N3,N3_3_10,1
CMI,N3,N3_3_110,10
CMI,N3,N3_3_140,2
CMI,N3,N3_3_150,2
CMI,N3,N3_3_160,2
CMI,N3,N3_3_170,16
CMI,N3,N3_3_180,2
CMI,N3,N3_3_20,6
CMI,N3,N3_3_200,3
CMI,N3,N3_3_30,2
CMI,N3,N3_3_40,3
CMI,N3,N3_3_50,2
CMI,N3,N3_3_60,1
CMI,N3,N3_3_70,2
CMI,N3,N3_3_80,1
CMI,N3,N3_3_90,1
CMI,N3,N3_4_110,7
CMI,N3,N3_4_150,1
CMI,N3,N3_4_160,4
CMI,N3,N3_4_170,1
CMI,N3,N3_4_180,3
CMI,N3,N3_4_20,3
CMI,N3,N3_4_210,2
CMI,N3,N3_4_30,3
CMI,N3,N3_4_40,2
CMI,N3,N3_4_60,1
CMI,N3,N3_5_10,4
CMI,N3,N3_5_110,3
CMI,N3,N3_5_120,2
CMI,N3,N3_5_130,1
CMI,N3,N3_5_150,1
CMI,N3,N3_5_160,1
CMI,N3,N3_5_170,4
CMI,N3,N3_5_190,2
CMI,N3,N3_5_200,1
CMI,N3,N3_5_210,2
CMI,N3,N3_5_30,1
CMI,N3,N3_5_50,1
CMI,N3,N3_5_60,6
CMI,N3,N3_5_80,3
CMI,N3,N3_5_90,3
CMU,N3,N3_4_20,2
CMU,N3,N3_4_30,1
CMU,N3,N3_5_20,4
COG,N15,N15  _5_110,1
COG,N15,N15  _5_140,1
COG,N15,N15  _5_160,3
COG,N15,N15  _5_200,2
COG,N15,N15  _5_60,1
COG,N15,N15 _ 4_120,2
COG,N15,N15 _ 4_130,2
COG,N15,N15 _ 4_170,2
COG,N15,N15 _ 4_180,1
COG,N15,N15 _ 4_40,1
COG,N15,N15 _ 4_60,1
COG,N15,N15 _ 4_70,1
COG,N15,N15 _ 4_90,1
COG,N15,N15 _1_10,1
COG,N15,N15 _1_110,1
COG,N15,N15 _1_150,1
COG,N15,N15 _1_160,1
COG,N15,N15 _1_170,1
COG,N15,N15 _1_200,1
COG,N15,N15 _1_40,5
COG,N15,N15 _1_50,1
COG,N15,N15 _1_80,2
COG,N15,N15 _1_90,1
COG,N15,N15 _2_100,1
COG,N15,N15 _2_110,1
COG,N15,N15 _2_120,1
COG,N15,N15 _2_130,1
COG,N15,N15 _2_150,1
COG,N15,N15 _2_160,1
COG,N15,N15 _2_180,1
COG,N15,N15 _2_20,2
COG,N15,N15 _2_40,3
COG,N15,N15 _2_70,4
COG,N15,N15 _2_80,1
COG,N15,N15 _3_10,1
COG,N15,N15 _3_110,2
COG,N15,N15 _3_120,1
COG,N15,N15 _3_140,1
COG,N15,N15 _3_150,1
COG,N15,N15 _3_170,1
COG,N15,N15 _3_180,1
COG,N15,N15 _3_190,3
COG,N15,N15 _3_200,2
COG,N15,N15 _3_30,3
COG,N15,N15 _3_50,1
COG,N15,N15 _3_60,1
COG,N15,N15 _3_80,1
COG,N3,N3_1_150,1
COG,N3,N3_1_180,1
COG,N3,N3_1_200,3
COG,N3,N3_1_30,1
COG,N3,N3_1_90,3
COG,N3,N3_2_10,2
COG,N3,N3_2_200,1
COG,N3,N3_2_230,1
COG,N3,N3_2_30,2
COG,N3,N3_4_110,2
COG,N3,N3_4_140,1
COG,N3,N3_4_150,1
COG,N3,N3_4_160,3
COG,N3,N3_4_30,2
COG,N3,N3_4_40,2
COG,N3,N3_4_50,1
COG,N3,N3_4_60,4
COG,N3,N3_4_70,1
COS,N15,N15 _1_20,1
COS,N3,N3_4_150,1
COS,N3,N3_4_30,1
COS,N3,N3_4_60,1
CP,N15,N15 _ 4_160,1
CP,N15,N15 _3_150,1
CP,N15,N15 _3_60,1
CP,N3,N3_4_50,1
CPR,N15,N15  _5_20,1
CPR,N15,N15 _1_10,1
CPR,N15,N15 _1_140,1
CPR,N15,N15 _1_70,1
CPR,N15,N15 _2_40,1
CPR,N15,N15 _2_50,1
CPR,N15,N15 _3_190,2
CPR,N3,N3_1_10,1
CPR,N3,N3_1_160,2
CPR,N3,N3_1_20,1
CPR,N3,N3_1_40,1
CPR,N3,N3_1_90,1
CPR,N3,N3_2_100,1
CPR,N3,N3_2_120,1
CPR,N3,N3_2_130,1
CPR,N3,N3_2_80,3
CPR,N3,N3_3_110,1
CPR,N3,N3_3_170,1
CPR,N3,N3_3_180,1
CPR,N3,N3_3_30,1
CPR,N3,N3_3_50,1
CPR,N3,N3_4_40,1
CPR,N3,N3_4_60,1
CPR,N3,N3_5_120,2
CPR,N3,N3_5_130,1
CPR,N3,N3_5_180,2
CPR,N3,N3_5_60,1
CPR,N3,N3_5_70,1
CPR,N3,N3_5_80,1
CSY,N3,N3_1_120,1
CSY,N3,N3_3_20,1
CSY,N3,N3_3_90,1
CTP,N3,N3_2_70,2
CWI,N15,N15  _5_160,1
CWI,N15,N15  _5_20,1
CWI,N15,N15 _ 4_100,1
CWI,N15,N15 _ 4_110,2
CWI,N15,N15 _ 4_40,1
CWI,N15,N15 _1_10,2
CWI,N15,N15 _1_200,1
CWI,N15,N15 _1_80,1
CWI,N15,N15 _2_180,3
CWI,N15,N15 _3_190,1
CWI,N15,N15 _3_200,1
CWI,N3,N3_1_200,1
CWI,N3,N3_1_30,1
CWI,N3,N3_3_10,1
CWI,N3,N3_3_120,1
CWI,N3,N3_3_200,2
CWI,N3,N3_4_30,1
CWI,N3,N3_4_40,1
CWI,N3,N3_4_60,1
CWI,N3,N3_5_210,1
CWI,N3,N3_5_50,1
CWI,N3,N3_5_60,1
CYA,N15,N15  _5_10,5
CYA,N15,N15  _5_100,14
CYA,N15,N15  _5_110,2
CYA,N15,N15  _5_120,4
CYA,N15,N15  _5_130,1
CYA,N15,N15  _5_140,2
CYA,N15,N15  _5_150,7
CYA,N15,N15  _5_160,3
CYA,N15,N15  _5_170,8
CYA,N15,N15  _5_180,16
CYA,N15,N15  _5_190,5
CYA,N15,N15  _5_20,5
CYA,N15,N15  _5_200,6
CYA,N15,N15  _5_30,4
CYA,N15,N15  _5_40,6
CYA,N15,N15  _5_50,12
CYA,N15,N15  _5_60,15
CYA,N15,N15  _5_70,26
CYA,N15,N15  _5_80,4
CYA,N15,N15  _5_90,12
CYA,N15,N15 _ 4_10,8
CYA,N15,N15 _ 4_100,6
CYA,N15,N15 _ 4_110,2
CYA,N15,N15 _ 4_120,12
CYA,N15,N15 _ 4_130,22
CYA,N15,N15 _ 4_140,4
CYA,N15,N15 _ 4_150,6
CYA,N15,N15 _ 4_160,8
CYA,N15,N15 _ 4_170,8
CYA,N15,N15 _ 4_20,22
CYA,N15,N15 _ 4_30,6
CYA,N15,N15 _ 4_40,3
CYA,N15,N15 _ 4_50,7
CYA,N15,N15 _ 4_60,14
CYA,N15,N15 _ 4_70,10
CYA,N15,N15 _ 4_80,5
CYA,N15,N15 _ 4_90,6
CYA,N15,N15 _ 5_10,1
CYA,N15,N15 _1_10,3
CYA,N15,N15 _1_100,13
CYA,N15,N15 _1_110,52
CYA,N15,N15 _1_120,7
CYA,N15,N15 _1_130,23
CYA,N15,N15 _1_140,17
CYA,N15,N15 _1_150,16
CYA,N15,N15 _1_160,14
CYA,N15,N15 _1_180,21
CYA,N15,N15 _1_190,6
CYA,N15,N15 _1_20,1
CYA,N15,N15 _1_200,7
CYA,N15,N15 _1_30,6
CYA,N15,N15 _1_40,10
CYA,N15,N15 _1_50,2
CYA,N15,N15 _1_60,5
CYA,N15,N15 _1_70,6
CYA,N15,N15 _1_80,1
CYA,N15,N15 _1_90,5
CYA,N15,N15 _2_10,7
CYA,N15,N15 _2_100,9
CYA,N15,N15 _2_110,3
CYA,N15,N15 _2_120,15
CYA,N15,N15 _2_130,16
CYA,N15,N15 _2_140,9
CYA,N15,N15 _2_150,6
CYA,N15,N15 _2_160,15
CYA,N15,N15 _2_170,4
CYA,N15,N15 _2_180,13
CYA,N15,N15 _2_190,3
CYA,N15,N15 _2_20,9
CYA,N15,N15 _2_200,3
CYA,N15,N15 _2_30,8
CYA,N15,N15 _2_40,14
CYA,N15,N15 _2_50,8
CYA,N15,N15 _2_60,9
CYA,N15,N15 _2_80,2
CYA,N15,N15 _2_90,6
CYA,N15,N15 _3_10,1
CYA,N15,N15 _3_100,6
CYA,N15,N15 _3_110,3
CYA,N15,N15 _3_120,55
CYA,N15,N15 _3_130,7
CYA,N15,N15 _3_140,3
CYA,N15,N15 _3_160,6
CYA,N15,N15 _3_170,2
CYA,N15,N15 _3_180,1
CYA,N15,N15 _3_190,1
CYA,N15,N15 _3_20,24
CYA,N15,N15 _3_30,14
CYA,N15,N15 _3_40,16
CYA,N15,N15 _3_50,9
CYA,N15,N15 _3_60,7
CYA,N15,N15 _3_70,3
CYA,N15,N15 _3_80,18
CYA,N15,N15 _3_90,9
CYA,N3,N3_1_10,8
CYA,N3,N3_1_100,1
CYA,N3,N3_1_120,8
CYA,N3,N3_1_140,2
CYA,N3,N3_1_170,1
CYA,N3,N3_1_180,1
CYA,N3,N3_1_190,2
CYA,N3,N3_1_20,2
CYA,N3,N3_1_200,2
CYA,N3,N3_1_30,9
CYA,N3,N3_1_40,6
CYA,N3,N3_1_50,1
CYA,N3,N3_1_60,3
CYA,N3,N3_1_70,3
CYA,N3,N3_1_80,2
CYA,N3,N3_1_90,3
CYA,N3,N3_2_10,4
CYA,N3,N3_2_100,1
CYA,N3,N3_2_110,4
CYA,N3,N3_2_120,2
CYA,N3,N3_2_130,2
CYA,N3,N3_2_140,3
CYA,N3,N3_2_150,7
CYA,N3,N3_2_160,4
CYA,N3,N3_2_170,1
CYA,N3,N3_2_190,7
CYA,N3,N3_2_20,3
CYA,N3,N3_2_200,3
CYA,N3,N3_2_210,1
CYA,N3,N3_2_220,6
CYA,N3,N3_2_230,3
CYA,N3,N3_2_240,2
CYA,N3,N3_2_250,23
CYA,N3,N3_2_30,4
CYA,N3,N3_2_40,8
CYA,N3,N3_2_50,1
CYA,N3,N3_2_60,2
CYA,N3,N3_2_70,6
CYA,N3,N3_2_90,1
CYA,N3,N3_3_10,1
CYA,N3,N3_3_110,2
CYA,N3,N3_3_120,7
CYA,N3,N3_3_130,3
CYA,N3,N3_3_140,11
CYA,N3,N3_3_150,7
CYA,N3,N3_3_160,8
CYA,N3,N3_3_170,1
CYA,N3,N3_3_180,3
CYA,N3,N3_3_190,3
CYA,N3,N3_3_200,19
CYA,N3,N3_3_40,3
CYA,N3,N3_3_50,4
CYA,N3,N3_3_60,8
CYA,N3,N3_3_70,2
CYA,N3,N3_3_90,1
CYA,N3,N3_4_10,3
CYA,N3,N3_4_110,4
CYA,N3,N3_4_120,1
CYA,N3,N3_4_130,5
CYA,N3,N3_4_140,8
CYA,N3,N3_4_150,6
CYA,N3,N3_4_160,4
CYA,N3,N3_4_170,3
CYA,N3,N3_4_180,4
CYA,N3,N3_4_190,3
CYA,N3,N3_4_20,8
CYA,N3,N3_4_200,6
CYA,N3,N3_4_210,1
CYA,N3,N3_4_30,3
CYA,N3,N3_4_40,4
CYA,N3,N3_4_50,2
CYA,N3,N3_4_60,4
CYA,N3,N3_4_70,2
CYA,N3,N3_4_90,10
CYA,N3,N3_5_10,4
CYA,N3,N3_5_100,5
CYA,N3,N3_5_110,5
CYA,N3,N3_5_120,1
CYA,N3,N3_5_130,5
CYA,N3,N3_5_140,5
CYA,N3,N3_5_150,8
CYA,N3,N3_5_160,1
CYA,N3,N3_5_170,2
CYA,N3,N3_5_180,4
CYA,N3,N3_5_20,1
CYA,N3,N3_5_210,13
CYA,N3,N3_5_30,2
CYA,N3,N3_5_40,1
CYA,N3,N3_5_50,8
CYA,N3,N3_5_60,4
CYA,N3,N3_5_90,1
CZE,N15,N15  _5_120,1
CZE,N15,N15  _5_180,1
CZE,N15,N15  _5_20,1
CZE,N15,N15  _5_40,1
CZE,N15,N15  _5_50,2
CZE,N15,N15  _5_90,2
CZE,N15,N15 _ 4_10,1
CZE,N15,N15 _ 4_100,2
CZE,N15,N15 _ 4_120,1
CZE,N15,N15 _ 4_160,1
CZE,N15,N15 _ 4_180,2
CZE,N15,N15 _ 4_190,1
CZE,N15,N15 _ 4_20,1
CZE,N15,N15 _ 4_40,1
CZE,N15,N15 _ 4_70,1
CZE,N15,N15 _ 4_80,3
CZE,N15,N15 _1_130,2
CZE,N15,N15 _1_170,1
CZE,N15,N15 _1_90,1
CZE,N15,N15 _2_110,1
CZE,N15,N15 _2_130,1
CZE,N15,N15 _2_170,3
CZE,N15,N15 _2_180,1
CZE,N15,N15 _2_190,2
CZE,N15,N15 _2_20,1
CZE,N15,N15 _2_200,4
CZE,N15,N15 _2_30,2
CZE,N15,N15 _2_60,1
CZE,N15,N15 _3_100,1
CZE,N15,N15 _3_120,1
CZE,N15,N15 _3_130,2
CZE,N15,N15 _3_140,1
CZE,N15,N15 _3_180,2
CZE,N15,N15 _3_190,1
CZE,N15,N15 _3_20,6
CZE,N15,N15 _3_40,4
CZE,N15,N15 _3_60,1
CZE,N15,N15 _3_70,2
CZE,N15,N15 _3_90,2
CZE,N3,N3_3_40,1
CZE,N3,N3_5_10,1
DD,N15,N15 _1_190,1
DD,N3,N3_1_80,1
DD,N3,N3_3_20,4
DIA,N15,N15  _5_140,1
DIA,N15,N15 _3_200,1
DS,N15,N15  _5_110,2
DS,N15,N15  _5_40,1
DS,N15,N15  _5_50,1
DS,N15,N15  _5_60,1
DS,N15,N15  _5_90,2
DS,N15,N15 _ 4_30,1
DS,N15,N15 _1_80,1
DS,N15,N15 _2_30,1
DS,N3,N3_5_60,2
DU,N15,N15  _5_10,10
DU,N15,N15  _5_110,1
DU,N15,N15  _5_120,3
DU,N15,N15  _5_140,1
DU,N15,N15  _5_170,2
DU,N15,N15  _5_180,1
DU,N15,N15  _5_190,18
DU,N15,N15  _5_20,3
DU,N15,N15  _5_30,2
DU,N15,N15  _5_40,1
DU,N15,N15  _5_50,2
DU,N15,N15  _5_60,11
DU,N15,N15  _5_70,12
DU,N15,N15 _ 4_10,2
DU,N15,N15 _ 4_100,1
DU,N15,N15 _ 4_60,1
DU,N15,N15 _ 4_80,2
DU,N15,N15 _ 5_10,4
DU,N15,N15 _1_120,2
DU,N15,N15 _1_20,5
DU,N15,N15 _1_30,3
DU,N15,N15 _1_80,1
DU,N15,N15 _1_90,2
DU,N15,N15 _2_10,1
DU,N15,N15 _2_120,1
DU,N15,N15 _2_130,4
DU,N15,N15 _2_150,1
DU,N15,N15 _2_190,2
DU,N15,N15 _2_20,1
DU,N15,N15 _2_200,1
DU,N15,N15 _2_50,1
DU,N15,N15 _2_60,1
DU,N15,N15 _2_70,5
DU,N15,N15 _2_80,10
DU,N15,N15 _3_120,8
DU,N15,N15 _3_150,1
DU,N15,N15 _3_190,2
DU,N3,N3_1_180,2
DU,N3,N3_4_90,1
EC,N3,N3_2_150,1
EC,N3,N3_2_190,1
ENA,N15,N15  _5_80,2
ENA,N15,N15 _2_20,1
ENA,N15,N15 _3_170,4
ENA,N15,N15 _3_200,1
ENA,N3,N3_1_200,1
ENC,N15,N15  _5_160,1
ENC,N15,N15 _2_40,1
ENC,N3,N3_5_10,1
ENU,N15,N15  _5_90,1
FAN,N3,N3_2_70,5
FSU,N3,N3_1_30,1
FSU,N3,N3_2_160,1
FUA,N15,N15 _ 4_10,1
FUA,N15,N15 _ 4_30,1
FUE,N15,N15  _5_120,1
FUE,N15,N15  _5_170,1
FUE,N15,N15  _5_40,1
FUE,N15,N15  _5_80,1
FUE,N15,N15  _5_90,1
FUE,N15,N15 _ 4_100,1
FUE,N15,N15 _ 4_130,1
FUE,N15,N15 _ 4_190,1
FUE,N15,N15 _ 4_20,1
FUE,N15,N15 _1_100,1
FUE,N15,N15 _1_200,7
FUE,N15,N15 _1_30,1
FUE,N15,N15 _2_160,3
FUE,N15,N15 _2_40,1
FUE,N15,N15 _3_120,1
FUE,N15,N15 _3_150,5
FUE,N15,N15 _3_40,1
FUE,N15,N15 _3_80,1
FUE,N3,N3_1_100,11
FUE,N3,N3_1_110,3
FUE,N3,N3_1_120,15
FUE,N3,N3_1_130,1
FUE,N3,N3_1_150,1
FUE,N3,N3_1_200,1
FUE,N3,N3_1_60,2
FUE,N3,N3_1_70,1
FUE,N3,N3_2_110,4
FUE,N3,N3_2_130,1
FUE,N3,N3_2_140,1
FUE,N3,N3_2_150,2
FUE,N3,N3_2_160,1
FUE,N3,N3_2_170,1
FUE,N3,N3_2_20,2
FUE,N3,N3_2_240,2
FUE,N3,N3_2_80,3
FUE,N3,N3_3_150,1
FUE,N3,N3_3_40,1
FUE,N3,N3_3_70,3
FUE,N3,N3_4_150,1
FUE,N3,N3_4_60,1
FUE,N3,N3_4_70,1
FUE,N3,N3_5_10,1
FUE,N3,N3_5_120,2
FUE,N3,N3_5_190,1
FUE,N3,N3_5_200,1
FUE,N3,N3_5_210,2
FUE,N3,N3_5_30,1
FUE,N3,N3_5_40,1
FUE,N3,N3_5_50,1
FUE,N3,N3_5_60,1
FUE,N3,N3_5_80,2
FUE,N3,N3_5_90,2
FVR,N15,N15  _5_120,1
FVR,N15,N15 _ 4_30,1
GC,N15,N15  _5_120,1
GC,N15,N15  _5_130,2
GC,N15,N15  _5_140,1
GC,N15,N15  _5_190,2
GC,N15,N15  _5_20,1
GC,N15,N15  _5_90,1
GC,N15,N15 _ 4_100,1
GC,N15,N15 _ 4_150,1
GC,N15,N15 _ 4_180,1
GC,N15,N15 _ 4_40,1
GC,N15,N15 _1_10,2
GC,N15,N15 _1_170,1
GC,N15,N15 _1_90,1
GC,N15,N15 _3_140,1
GC,N3,N3_1_180,1
GC,N3,N3_4_130,1
GC,N3,N3_4_40,2
GC,N3,N3_4_50,1
GC,N3,N3_5_110,3
GC,N3,N3_5_20,1
GC,N3,N3_5_50,1
GC,N3,N3_5_80,1
GS,N15,N15  _5_100,1
GS,N15,N15  _5_120,1
GS,N15,N15  _5_140,1
GS,N15,N15  _5_180,1
GS,N15,N15  _5_20,1
GS,N15,N15  _5_200,1
GS,N15,N15  _5_30,2
GS,N15,N15  _5_60,2
GS,N15,N15  _5_70,1
GS,N15,N15  _5_80,2
GS,N15,N15  _5_90,1
GS,N15,N15 _ 4_100,1
GS,N15,N15 _ 4_110,1
GS,N15,N15 _ 4_120,2
GS,N15,N15 _ 4_170,2
GS,N15,N15 _ 4_180,2
GS,N15,N15 _ 4_190,8
GS,N15,N15 _ 4_70,1
GS,N15,N15 _1_10,1
GS,N15,N15 _1_100,1
GS,N15,N15 _1_110,1
GS,N15,N15 _1_130,1
GS,N15,N15 _1_140,1
GS,N15,N15 _1_150,1
GS,N15,N15 _1_160,1
GS,N15,N15 _1_180,1
GS,N15,N15 _1_190,1
GS,N15,N15 _1_20,2
GS,N15,N15 _1_200,1
GS,N15,N15 _1_30,2
GS,N15,N15 _1_40,2
GS,N15,N15 _1_60,1
GS,N15,N15 _1_80,5
GS,N15,N15 _1_90,1
GS,N15,N15 _2_10,2
GS,N15,N15 _2_120,1
GS,N15,N15 _2_130,1
GS,N15,N15 _2_180,2
GS,N15,N15 _2_190,1
GS,N15,N15 _2_200,1
GS,N15,N15 _2_30,2
GS,N15,N15 _2_50,1
GS,N15,N15 _2_60,1
GS,N15,N15 _2_70,1
GS,N15,N15 _2_90,1
GS,N15,N15 _3_10,1
GS,N15,N15 _3_100,1
GS,N15,N15 _3_120,1
GS,N15,N15 _3_130,1
GS,N15,N15 _3_140,1
GS,N15,N15 _3_150,3
GS,N15,N15 _3_20,1
GS,N15,N15 _3_40,4
GS,N15,N15 _3_50,1
GS,N15,N15 _3_90,2
GS,N3,N3_1_150,1
GS,N3,N3_1_160,6
GS,N3,N3_1_180,1
GS,N3,N3_1_60,2
GS,N3,N3_1_70,1
GS,N3,N3_2_140,1
GS,N3,N3_2_190,1
GS,N3,N3_2_220,2
GS,N3,N3_2_60,1
GS,N3,N3_2_90,1
GS,N3,N3_3_10,1
GS,N3,N3_3_20,3
GS,N3,N3_3_40,1
GS,N3,N3_4_100,1
GS,N3,N3_4_110,1
GS,N3,N3_4_150,1
GS,N3,N3_4_180,1
GS,N3,N3_4_190,2
GS,N3,N3_4_200,1
GS,N3,N3_4_30,2
GS,N3,N3_4_40,6
GS,N3,N3_4_50,5
GS,N3,N3_4_60,2
GS,N3,N3_4_70,5
GS,N3,N3_4_90,2
GS,N3,N3_5_100,1
GS,N3,N3_5_110,3
GS,N3,N3_5_150,1
GS,N3,N3_5_160,2
GS,N3,N3_5_170,1
GS,N3,N3_5_190,2
GS,N3,N3_5_70,6
GS,N3,N3_5_80,5
HG,N15,N15 _ 4_130,2
HG,N15,N15 _3_140,1
HG,N3,N3_2_10,1
HG,N3,N3_2_30,1
HG,N3,N3_3_70,1
HG,N3,N3_4_120,1
HG,N3,N3_4_180,1
HG,N3,N3_5_110,1
HG,N3,N3_5_150,1
HG,N3,N3_5_170,1
KA,N15,N15  _5_150,23
KA,N15,N15  _5_190,1
KA,N15,N15  _5_20,9
KA,N15,N15  _5_80,2
KA,N15,N15  _5_90,1
KA,N15,N15 _ 4_110,2
KA,N15,N15 _ 4_140,1
KA,N15,N15 _ 4_150,2
KA,N15,N15 _ 4_160,6
KA,N15,N15 _ 4_170,3
KA,N15,N15 _ 4_190,1
KA,N15,N15 _ 4_50,3
KA,N15,N15 _ 4_70,1
KA,N15,N15 _1_120,1
KA,N15,N15 _1_180,1
KA,N15,N15 _1_70,8
KA,N15,N15 _1_80,5
KA,N15,N15 _2_10,1
KA,N15,N15 _2_120,1
KA,N15,N15 _2_150,1
KA,N15,N15 _2_180,3
KA,N15,N15 _2_20,3
KA,N15,N15 _2_30,1
KA,N15,N15 _2_70,1
KA,N15,N15 _2_80,1
KA,N15,N15 _3_110,2
KA,N15,N15 _3_140,14
KA,N15,N15 _3_150,1
KA,N15,N15 _3_160,2
KA,N15,N15 _3_170,2
KA,N15,N15 _3_200,3
KA,N15,N15 _3_40,1
KA,N15,N15 _3_70,2
KA,N3,N3_1_10,1
KA,N3,N3_1_110,1
KA,N3,N3_1_120,6
KA,N3,N3_1_130,16
KA,N3,N3_1_140,5
KA,N3,N3_1_150,1
KA,N3,N3_1_160,12
KA,N3,N3_1_170,1
KA,N3,N3_1_20,1
KA,N3,N3_1_50,2
KA,N3,N3_1_70,1
KA,N3,N3_2_10,2
KA,N3,N3_2_120,1
KA,N3,N3_2_130,1
KA,N3,N3_2_140,4
KA,N3,N3_2_160,2
KA,N3,N3_2_20,4
KA,N3,N3_2_210,1
KA,N3,N3_2_240,2
KA,N3,N3_2_250,37
KA,N3,N3_2_30,2
KA,N3,N3_2_50,1
KA,N3,N3_2_80,7
KA,N3,N3_3_120,1
KA,N3,N3_3_130,4
KA,N3,N3_3_140,1
KA,N3,N3_3_170,1
KA,N3,N3_3_30,1
KA,N3,N3_3_60,1
KA,N3,N3_4_100,1
KA,N3,N3_4_110,1
KA,N3,N3_4_130,2
KA,N3,N3_4_140,1
KA,N3,N3_4_30,1
KA,N3,N3_4_40,1
KA,N3,N3_5_100,1
KA,N3,N3_5_120,1
KA,N3,N3_5_160,1
KA,N3,N3_5_170,14
KA,N3,N3_5_180,1
KLG,N15,N15 _2_120,1
LM,N15,N15  _5_10,10
LM,N15,N15  _5_100,14
LM,N15,N15  _5_110,6
LM,N15,N15  _5_140,41
LM,N15,N15  _5_150,20
LM,N15,N15  _5_160,54
LM,N15,N15  _5_170,34
LM,N15,N15  _5_180,32
LM,N15,N15  _5_190,19
LM,N15,N15  _5_20,92
LM,N15,N15  _5_200,20
LM,N15,N15  _5_30,15
LM,N15,N15  _5_40,28
LM,N15,N15  _5_50,37
LM,N15,N15  _5_60,28
LM,N15,N15  _5_70,36
LM,N15,N15  _5_80,6
LM,N15,N15  _5_90,22
LM,N15,N15 _ 4_10,40
LM,N15,N15 _ 4_100,67
LM,N15,N15 _ 4_110,41
LM,N15,N15 _ 4_120,25
LM,N15,N15 _ 4_130,23
LM,N15,N15 _ 4_140,34
LM,N15,N15 _ 4_150,6
LM,N15,N15 _ 4_160,27
LM,N15,N15 _ 4_170,15
LM,N15,N15 _ 4_20,42
LM,N15,N15 _ 4_30,18
LM,N15,N15 _ 4_40,12
LM,N15,N15 _ 4_50,20
LM,N15,N15 _ 4_60,30
LM,N15,N15 _ 4_70,29
LM,N15,N15 _ 4_80,44
LM,N15,N15 _ 4_90,16
LM,N15,N15 _ 5_10,2
LM,N15,N15 _1_10,13
LM,N15,N15 _1_100,14
LM,N15,N15 _1_110,98
LM,N15,N15 _1_120,18
LM,N15,N15 _1_130,20
LM,N15,N15 _1_140,15
LM,N15,N15 _1_150,14
LM,N15,N15 _1_160,33
LM,N15,N15 _1_170,18
LM,N15,N15 _1_180,94
LM,N15,N15 _1_190,28
LM,N15,N15 _1_20,16
LM,N15,N15 _1_200,40
LM,N15,N15 _1_30,25
LM,N15,N15 _1_40,38
LM,N15,N15 _1_50,32
LM,N15,N15 _1_60,18
LM,N15,N15 _1_70,37
LM,N15,N15 _1_80,39
LM,N15,N15 _1_90,14
LM,N15,N15 _2_10,28
LM,N15,N15 _2_100,66
LM,N15,N15 _2_110,113
LM,N15,N15 _2_120,9
LM,N15,N15 _2_130,54
LM,N15,N15 _2_140,14
LM,N15,N15 _2_150,12
LM,N15,N15 _2_160,59
LM,N15,N15 _2_170,33
LM,N15,N15 _2_180,57
LM,N15,N15 _2_190,21
LM,N15,N15 _2_20,9
LM,N15,N15 _2_200,64
LM,N15,N15 _2_30,10
LM,N15,N15 _2_40,46
LM,N15,N15 _2_50,22
LM,N15,N15 _2_60,28
LM,N15,N15 _2_70,13
LM,N15,N15 _2_80,41
LM,N15,N15 _2_90,13
LM,N15,N15 _3_10,37
LM,N15,N15 _3_100,32
LM,N15,N15 _3_110,37
LM,N15,N15 _3_120,30
LM,N15,N15 _3_130,52
LM,N15,N15 _3_140,175
LM,N15,N15 _3_150,33
LM,N15,N15 _3_160,42
LM,N15,N15 _3_170,19
LM,N15,N15 _3_180,3
LM,N15,N15 _3_20,18
LM,N15,N15 _3_30,42
LM,N15,N15 _3_40,41
LM,N15,N15 _3_50,7
LM,N15,N15 _3_60,15
LM,N15,N15 _3_70,4
LM,N15,N15 _3_80,20
LM,N15,N15 _3_90,9
LM,N3,N3_1_10,4
LM,N3,N3_1_100,2
LM,N3,N3_1_110,1
LM,N3,N3_1_120,15
LM,N3,N3_1_130,17
LM,N3,N3_1_140,1
LM,N3,N3_1_150,13
LM,N3,N3_1_160,11
LM,N3,N3_1_170,2
LM,N3,N3_1_180,20
LM,N3,N3_1_190,48
LM,N3,N3_1_20,11
LM,N3,N3_1_200,36
LM,N3,N3_1_30,4
LM,N3,N3_1_40,22
LM,N3,N3_1_50,32
LM,N3,N3_1_60,1
LM,N3,N3_1_70,2
LM,N3,N3_1_90,9
LM,N3,N3_2_10,6
LM,N3,N3_2_120,34
LM,N3,N3_2_130,24
LM,N3,N3_2_140,5
LM,N3,N3_2_150,3
LM,N3,N3_2_160,20
LM,N3,N3_2_170,2
LM,N3,N3_2_180,2
LM,N3,N3_2_190,1
LM,N3,N3_2_20,7
LM,N3,N3_2_200,3
LM,N3,N3_2_210,13
LM,N3,N3_2_220,3
LM,N3,N3_2_230,10
LM,N3,N3_2_240,14
LM,N3,N3_2_250,31
LM,N3,N3_2_30,6
LM,N3,N3_2_50,11
LM,N3,N3_2_60,3
LM,N3,N3_2_70,24
LM,N3,N3_2_90,7
LM,N3,N3_3_110,37
LM,N3,N3_3_120,4
LM,N3,N3_3_130,7
LM,N3,N3_3_140,26
LM,N3,N3_3_150,14
LM,N3,N3_3_160,9
LM,N3,N3_3_170,10
LM,N3,N3_3_180,17
LM,N3,N3_3_190,7
LM,N3,N3_3_200,7
LM,N3,N3_3_30,1
LM,N3,N3_3_40,1
LM,N3,N3_3_50,23
LM,N3,N3_3_60,12
LM,N3,N3_3_70,17
LM,N3,N3_3_80,44
LM,N3,N3_3_90,16
LM,N3,N3_4_10,36
LM,N3,N3_4_100,11
LM,N3,N3_4_110,91
LM,N3,N3_4_120,6
LM,N3,N3_4_130,35
LM,N3,N3_4_140,73
LM,N3,N3_4_150,22
LM,N3,N3_4_160,23
LM,N3,N3_4_170,41
LM,N3,N3_4_180,16
LM,N3,N3_4_190,4
LM,N3,N3_4_20,9
LM,N3,N3_4_200,14
LM,N3,N3_4_210,1
LM,N3,N3_4_30,4
LM,N3,N3_4_40,2
LM,N3,N3_4_60,21
LM,N3,N3_4_70,8
LM,N3,N3_4_90,29
LM,N3,N3_5_10,50
LM,N3,N3_5_100,106
LM,N3,N3_5_110,13
LM,N3,N3_5_120,138
LM,N3,N3_5_130,61
LM,N3,N3_5_140,122
LM,N3,N3_5_150,6
LM,N3,N3_5_160,35
LM,N3,N3_5_170,3
LM,N3,N3_5_180,24
LM,N3,N3_5_190,16
LM,N3,N3_5_20,26
LM,N3,N3_5_200,6
LM,N3,N3_5_30,14
LM,N3,N3_5_40,19
LM,N3,N3_5_50,23
LM,N3,N3_5_80,2
LM,N3,N3_5_90,6
LM ,N3,N3_2_120,1
LMM,N15,N15 _3_10,1
LOVOA,N3,N3_2_80,1
LPD,N15,N15 _2_10,1
LPM,N15,N15 _ 4_160,1
LPM,N15,N15 _1_130,1
LPM,N15,N15 _1_200,1
LPM,N15,N15 _2_50,1
LPM,N3,N3_1_130,1
LPM,N3,N3_1_200,1
LPM,N3,N3_2_220,1
LPM,N3,N3_2_40,1
LPM,N3,N3_4_120,1
LPM,N3,N3_4_180,2
LPM,N3,N3_4_20,1
LPM,N3,N3_4_90,1
LPM,N3,N3_5_110,3
LPM,N3,N3_5_140,1
LPM,N3,N3_5_150,1
LPM,N3,N3_5_190,1
LPM,N3,N3_5_210,1
LPM,N3,N3_5_80,2
LYC,N15,N15  _5_100,1
LYC,N15,N15  _5_130,1
LYC,N15,N15  _5_140,2
LYC,N15,N15  _5_20,1
LYC,N15,N15  _5_200,1
LYC,N15,N15  _5_50,1
LYC,N15,N15  _5_90,1
LYC,N15,N15 _ 4_120,1
LYC,N15,N15 _ 4_190,3
LYC,N15,N15 _ 4_30,1
LYC,N15,N15 _1_140,1
LYC,N15,N15 _1_180,3
LYC,N15,N15 _1_190,1
LYC,N15,N15 _1_50,1
LYC,N15,N15 _1_70,2
LYC,N15,N15 _2_120,1
LYC,N15,N15 _2_140,2
LYC,N15,N15 _2_170,1
LYC,N15,N15 _2_180,1
LYC,N15,N15 _2_190,1
LYC,N15,N15 _2_200,1
LYC,N15,N15 _3_10,1
LYC,N15,N15 _3_180,1
LYC,N3,N3_1_150,4
LYC,N3,N3_1_170,1
LYC,N3,N3_1_180,2
LYC,N3,N3_5_200,1
LYC,N3,N3_5_210,1
MA,N15,N15  _5_130,2
MA,N15,N15  _5_140,2
MA,N15,N15  _5_150,1
MA,N15,N15  _5_40,2
MA,N15,N15  _5_50,1
MA,N15,N15  _5_80,1
MA,N15,N15 _ 4_120,3
MA,N15,N15 _ 4_130,4
MA,N15,N15 _ 4_150,1
MA,N15,N15 _ 4_70,2
MA,N15,N15 _1_180,1
MA,N15,N15 _1_190,1
MA,N15,N15 _1_200,1
MA,N15,N15 _1_30,2
MA,N15,N15 _1_40,3
MA,N15,N15 _1_50,3
MA,N15,N15 _1_60,1
MA,N15,N15 _1_70,8
MA,N15,N15 _1_80,2
MA,N15,N15 _2_150,1
MA,N15,N15 _2_180,1
MA,N15,N15 _2_200,1
MA,N15,N15 _2_40,2
MA,N15,N15 _2_50,2
MA,N15,N15 _2_60,3
MA,N15,N15 _2_70,2
MA,N15,N15 _2_90,1
MA,N15,N15 _3_10,1
MA,N15,N15 _3_100,1
MA,N15,N15 _3_110,1
MA,N15,N15 _3_180,2
MA,N15,N15 _3_200,3
MA,N15,N15 _3_30,1
MA,N15,N15 _3_60,1
MA,N15,N15 _3_70,1
MA,N3,N3_1_120,2
MA,N3,N3_1_180,2
MA,N3,N3_1_190,2
MA,N3,N3_1_200,7
MA,N3,N3_1_70,1
MA,N3,N3_1_80,6
MA,N3,N3_2_200,3
MA,N3,N3_2_220,4
MA,N3,N3_2_230,1
MA,N3,N3_2_250,1
MA,N3,N3_3_190,1
MA,N3,N3_3_40,1
MA,N3,N3_3_50,1
MA,N3,N3_3_70,1
MA,N3,N3_3_80,4
MA,N3,N3_4_120,4
MA,N3,N3_4_140,2
MA,N3,N3_4_210,1
MA,N3,N3_4_40,1
MA,N3,N3_4_50,6
MA,N3,N3_4_60,1
MA,N3,N3_5_100,1
MA,N3,N3_5_120,4
MA,N3,N3_5_150,5
MA,N3,N3_5_160,1
MA,N3,N3_5_170,1
MA,N3,N3_5_210,1
MA,N3,N3_5_40,1
MD,N15,N15 _1_80,1
MD,N15,N15 _2_120,1
MD,N3,N3_2_60,1
MDI,N15,N15  _5_120,1
MDI,N15,N15 _ 4_70,1
MDI,N15,N15 _1_40,1
MDI,N15,N15 _3_120,1
MDI,N15,N15 _3_140,1
MDI,N15,N15 _3_40,2
MDI,N3,N3_2_180,1
MDI,N3,N3_3_140,1
MDI,N3,N3_3_150,1
MDI,N3,N3_3_40,1
MDI,N3,N3_3_70,1
MDI,N3,N3_3_80,1
MDI,N3,N3_4_70,1
MDI,N3,N3_5_60,2
MDI,N3,N3_5_90,1
ME,N3,N3_3_170,1
MEL,N3,N3_1_10,1
MEL,N3,N3_1_150,1
MEL,N3,N3_1_50,1
MEL,N3,N3_2_180,1
MEL,N3,N3_2_240,1
MEL,N3,N3_3_120,1
MEL,N3,N3_3_190,1
MEL,N3,N3_3_20,1
MEL,N3,N3_3_200,1
MEL,N3,N3_4_210,1
MEL,N3,N3_5_80,1
MIE,N15,N15  _5_130,1
MIE,N15,N15 _ 4_130,2
MIE,N15,N15 _1_150,2
MIE,N15,N15 _3_120,1
MIE,N3,N3_2_150,1
MO,N15,N15 _2_50,1
MOA,N15,N15  _5_130,1
MOA,N3,N3_1_150,1
MOA,N3,N3_1_170,3
MOA,N3,N3_1_180,2
MOA,N3,N3_1_200,1
MOA,N3,N3_1_60,2
MOA,N3,N3_5_120,1
MOA,N3,N3_5_130,1
MOA,N3,N3_5_140,1
MOA,N3,N3_5_150,1
MOA,N3,N3_5_190,1
MOA,N3,N3_5_50,1
MOL,N15,N15 _1_50,1
MOL,N3,N3_1_200,1
MRK,N3,N3_2_130,1
MYH,N15,N15  _5_130,3
MYH,N15,N15  _5_140,1
MYH,N15,N15  _5_160,1
MYH,N15,N15  _5_170,1
MYH,N15,N15 _ 4_120,1
MYH,N15,N15 _ 4_130,1
MYH,N15,N15 _ 4_160,1
MYH,N15,N15 _ 4_190,8
MYH,N15,N15 _ 4_30,1
MYH,N15,N15 _ 4_90,1
MYH,N15,N15 _1_190,1
MYH,N15,N15 _1_200,2
MYH,N15,N15 _1_50,1
MYH,N15,N15 _1_60,2
MYH,N15,N15 _2_90,1
MYH,N15,N15 _3_140,1
MYH,N15,N15 _3_160,1
MYH,N15,N15 _3_180,1
MYH,N15,N15 _3_190,1
MYH,N15,N15 _3_20,2
MYH,N15,N15 _3_200,3
MYH,N15,N15 _3_40,2
MYH,N3,N3_1_100,1
MYH,N3,N3_1_140,2
MYH,N3,N3_1_170,1
MYH,N3,N3_1_180,1
MYH,N3,N3_1_50,1
MYH,N3,N3_1_80,3
MYH,N3,N3_2_120,1
MYH,N3,N3_2_140,2
MYH,N3,N3_2_150,1
MYH,N3,N3_2_160,1
MYH,N3,N3_2_180,1
MYH,N3,N3_2_40,2
MYH,N3,N3_3_70,1
MYH,N3,N3_4_140,1
MYH,N3,N3_4_60,1
MYH,N3,N3_4_70,2
MYH,N3,N3_5_140,1
MYH,N3,N3_5_150,2
MYH,N3,N3_5_60,1
NONE,N15,N15 _ 4_150,1
NONE,N15,N15 _ 4_160,1
NONE,N3,N3_2_100,1
NONE,N3,N3_2_60,1
OB,N15,N15 _2_40,2
OB,N15,N15 _2_60,1
OB,N15,N15 _2_70,1
OUH,N15,N15  _5_120,3
OUH,N15,N15  _5_130,1
OUH,N15,N15  _5_140,1
OUH,N3,N3_5_60,6
OUH,N3,N3_5_70,2
OUH,N3,N3_5_80,1
OUH,N3,N3_5_90,2
PSG,N3,N3_2_40,10
R,N15,N15  _5_170,1
R1,N15,N15 _1_10,1
R1,N15,N15 _1_140,1
R1,N15,N15 _1_20,1
RA,N3,N3_1_160,1
RD,N15,N15  _5_110,6
RD,N15,N15  _5_140,2
RD,N15,N15  _5_170,6
RD,N15,N15  _5_190,4
RD,N15,N15  _5_200,1
RD,N15,N15  _5_40,3
RD,N15,N15  _5_50,3
RD,N15,N15  _5_70,1
RD,N15,N15  _5_90,3
RD,N15,N15 _ 4_130,4
RD,N15,N15 _ 4_180,2
RD,N15,N15 _ 4_30,2
RD,N15,N15 _ 4_50,1
RD,N15,N15 _1_120,1
RD,N15,N15 _1_150,2
RD,N15,N15 _1_170,1
RD,N15,N15 _1_20,1
RD,N15,N15 _1_70,2
RD,N15,N15 _1_80,1
RD,N15,N15 _2_100,1
RD,N15,N15 _2_120,2
RD,N15,N15 _2_130,1
RD,N15,N15 _2_50,1
RD,N15,N15 _2_90,6
RD,N15,N15 _3_140,3
RD,N15,N15 _3_160,1
RD,N15,N15 _3_20,1
RD,N15,N15 _3_200,1
RD,N15,N15 _3_70,1
RD,N3,N3_3_30,1
RD,N3,N3_3_40,1
RD,N3,N3_4_160,6
RD,N3,N3_4_180,1
RI,N15,N15  _5_10,50
RI,N15,N15  _5_100,9
RI,N15,N15  _5_110,8
RI,N15,N15  _5_140,3
RI,N15,N15  _5_150,1
RI,N15,N15  _5_160,27
RI,N15,N15  _5_170,160
RI,N15,N15  _5_180,14
RI,N15,N15  _5_190,99
RI,N15,N15  _5_20,13
RI,N15,N15  _5_30,28
RI,N15,N15  _5_40,40
RI,N15,N15  _5_50,37
RI,N15,N15  _5_60,18
RI,N15,N15  _5_70,111
RI,N15,N15  _5_80,2
RI,N15,N15  _5_90,80
RI,N15,N15 _ 4_10,27
RI,N15,N15 _ 4_100,39
RI,N15,N15 _ 4_110,20
RI,N15,N15 _ 4_120,1
RI,N15,N15 _ 4_130,22
RI,N15,N15 _ 4_160,3
RI,N15,N15 _ 4_30,12
RI,N15,N15 _ 4_40,22
RI,N15,N15 _ 4_50,11
RI,N15,N15 _ 4_60,26
RI,N15,N15 _ 4_70,36
RI,N15,N15 _ 4_80,5
RI,N15,N15 _ 4_90,21
RI,N15,N15 _ 5_10,2
RI,N15,N15 _1_10,35
RI,N15,N15 _1_100,70
RI,N15,N15 _1_130,21
RI,N15,N15 _1_140,34
RI,N15,N15 _1_150,10
RI,N15,N15 _1_160,22
RI,N15,N15 _1_170,29
RI,N15,N15 _1_180,8
RI,N15,N15 _1_190,6
RI,N15,N15 _1_20,51
RI,N15,N15 _1_200,4
RI,N15,N15 _1_40,20
RI,N15,N15 _1_50,24
RI,N15,N15 _1_60,11
RI,N15,N15 _1_70,27
RI,N15,N15 _1_80,16
RI,N15,N15 _1_90,39
RI,N15,N15 _2_10,1
RI,N15,N15 _2_100,34
RI,N15,N15 _2_120,18
RI,N15,N15 _2_130,42
RI,N15,N15 _2_140,41
RI,N15,N15 _2_150,23
RI,N15,N15 _2_160,7
RI,N15,N15 _2_170,16
RI,N15,N15 _2_180,13
RI,N15,N15 _2_190,5
RI,N15,N15 _2_20,15
RI,N15,N15 _2_200,7
RI,N15,N15 _2_30,42
RI,N15,N15 _2_50,4
RI,N15,N15 _2_60,9
RI,N15,N15 _2_70,10
RI,N15,N15 _2_80,1
RI,N15,N15 _2_90,16
RI,N15,N15 _3_10,4
RI,N15,N15 _3_100,162
RI,N15,N15 _3_110,19
RI,N15,N15 _3_120,2
RI,N15,N15 _3_130,20
RI,N15,N15 _3_140,96
RI,N15,N15 _3_150,7
RI,N15,N15 _3_160,5
RI,N15,N15 _3_170,3
RI,N15,N15 _3_180,2
RI,N15,N15 _3_20,43
RI,N15,N15 _3_200,2
RI,N15,N15 _3_30,21
RI,N15,N15 _3_40,46
RI,N15,N15 _3_50,7
RI,N15,N15 _3_60,4
RI,N15,N15 _3_70,1
RI,N15,N15 _3_80,54
RI,N15,N15 _3_90,46
RI,N3,N3_1_10,10
RI,N3,N3_1_110,7
RI,N3,N3_1_130,6
RI,N3,N3_1_140,14
RI,N3,N3_1_160,9
RI,N3,N3_1_180,4
RI,N3,N3_1_190,9
RI,N3,N3_1_50,17
RI,N3,N3_1_60,2
RI,N3,N3_1_70,19
RI,N3,N3_1_80,1
RI,N3,N3_1_90,18
RI,N3,N3_2_10,4
RI,N3,N3_2_110,5
RI,N3,N3_2_120,1
RI,N3,N3_2_130,8
RI,N3,N3_2_140,9
RI,N3,N3_2_180,19
RI,N3,N3_2_190,2
RI,N3,N3_2_20,1
RI,N3,N3_2_210,20
RI,N3,N3_2_220,11
RI,N3,N3_2_230,32
RI,N3,N3_2_240,12
RI,N3,N3_2_250,58
RI,N3,N3_2_30,4
RI,N3,N3_2_40,1
RI,N3,N3_2_50,14
RI,N3,N3_2_80,1
RI,N3,N3_2_90,13
RI,N3,N3_3_10,20
RI,N3,N3_3_110,19
RI,N3,N3_3_120,19
RI,N3,N3_3_130,18
RI,N3,N3_3_140,18
RI,N3,N3_3_150,16
RI,N3,N3_3_160,14
RI,N3,N3_3_170,29
RI,N3,N3_3_180,22
RI,N3,N3_3_190,29
RI,N3,N3_3_200,4
RI,N3,N3_3_40,2
RI,N3,N3_3_50,2
RI,N3,N3_3_60,14
RI,N3,N3_3_80,34
RI,N3,N3_3_90,16
RI,N3,N3_4_110,10
RI,N3,N3_4_120,27
RI,N3,N3_4_130,31
RI,N3,N3_4_140,1
RI,N3,N3_4_150,8
RI,N3,N3_4_160,8
RI,N3,N3_4_170,3
RI,N3,N3_4_180,8
RI,N3,N3_4_190,8
RI,N3,N3_4_20,7
RI,N3,N3_4_200,8
RI,N3,N3_4_30,11
RI,N3,N3_4_40,1
RI,N3,N3_4_50,19
RI,N3,N3_4_60,2
RI,N3,N3_4_70,5
RI,N3,N3_5_110,3
RI,N3,N3_5_140,23
RI,N3,N3_5_170,8
RI,N3,N3_5_180,5
RI,N3,N3_5_190,26
RI,N3,N3_5_20,11
RI,N3,N3_5_200,11
RI,N3,N3_5_210,8
RI,N3,N3_5_30,24
RI,N3,N3_5_40,12
RI,N3,N3_5_50,3
RI,N3,N3_5_60,15
RI,N3,N3_5_70,72
RI,N3,N3_5_90,26
SE,N3,N3_2_170,1
STR,N3,N3_1_50,1
STR,N3,N3_5_160,1
STR,N3,N3_5_170,1
TAF,N15,N15  _5_110,1
TAF,N15,N15  _5_120,3
TAF,N15,N15  _5_130,3
TAF,N15,N15  _5_140,1
TAF,N15,N15  _5_150,2
TAF,N15,N15  _5_180,1
TAF,N15,N15  _5_190,1
TAF,N15,N15  _5_20,1
TAF,N15,N15  _5_30,1
TAF,N15,N15  _5_40,1
TAF,N15,N15  _5_60,3
TAF,N15,N15  _5_70,1
TAF,N15,N15  _5_80,2
TAF,N15,N15  _5_90,1
TAF,N15,N15 _ 4_100,1
TAF,N15,N15 _ 4_110,3
TAF,N15,N15 _ 4_120,2
TAF,N15,N15 _ 4_130,6
TAF,N15,N15 _ 4_150,5
TAF,N15,N15 _ 4_170,2
TAF,N15,N15 _ 4_180,2
TAF,N15,N15 _ 4_190,1
TAF,N15,N15 _ 4_20,2
TAF,N15,N15 _ 4_30,4
TAF,N15,N15 _ 4_40,3
TAF,N15,N15 _ 4_50,1
TAF,N15,N15 _ 4_60,1
TAF,N15,N15 _ 4_90,3
TAF,N15,N15 _1_10,6
TAF,N15,N15 _1_100,1
TAF,N15,N15 _1_120,1
TAF,N15,N15 _1_130,3
TAF,N15,N15 _1_140,2
TAF,N15,N15 _1_150,1
TAF,N15,N15 _1_160,1
TAF,N15,N15 _1_170,1
TAF,N15,N15 _1_180,3
TAF,N15,N15 _1_190,4
TAF,N15,N15 _1_20,1
TAF,N15,N15 _1_200,1
TAF,N15,N15 _1_30,1
TAF,N15,N15 _1_40,1
TAF,N15,N15 _1_60,1
TAF,N15,N15 _1_80,2
TAF,N15,N15 _1_90,1
TAF,N15,N15 _2_10,1
TAF,N15,N15 _2_120,1
TAF,N15,N15 _2_150,2
TAF,N15,N15 _2_170,2
TAF,N15,N15 _2_180,4
TAF,N15,N15 _2_190,2
TAF,N15,N15 _2_20,1
TAF,N15,N15 _2_200,3
TAF,N15,N15 _2_30,1
TAF,N15,N15 _2_50,4
TAF,N15,N15 _2_70,7
TAF,N15,N15 _2_80,1
TAF,N15,N15 _2_90,2
TAF,N15,N15 _3_10,9
TAF,N15,N15 _3_100,2
TAF,N15,N15 _3_110,1
TAF,N15,N15 _3_120,1
TAF,N15,N15 _3_130,2
TAF,N15,N15 _3_140,1
TAF,N15,N15 _3_150,2
TAF,N15,N15 _3_180,2
TAF,N15,N15 _3_190,3
TAF,N15,N15 _3_20,2
TAF,N15,N15 _3_200,3
TAF,N15,N15 _3_30,2
TAF,N15,N15 _3_40,2
TAF,N15,N15 _3_60,2
TAF,N15,N15 _3_80,2
TAF,N15,N15 _3_90,4
TAF,N3,N3_1_120,2
TAF,N3,N3_1_150,2
TAF,N3,N3_1_160,1
TAF,N3,N3_1_170,2
TAF,N3,N3_1_180,3
TAF,N3,N3_1_190,1
TAF,N3,N3_1_200,1
TAF,N3,N3_1_50,2
TAF,N3,N3_1_60,2
TAF,N3,N3_1_80,1
TAF,N3,N3_2_10,1
TAF,N3,N3_2_130,1
TAF,N3,N3_2_160,1
TAF,N3,N3_2_170,2
TAF,N3,N3_2_20,1
TAF,N3,N3_2_210,1
TAF,N3,N3_2_220,4
TAF,N3,N3_2_230,1
TAF,N3,N3_2_240,1
TAF,N3,N3_2_250,3
TAF,N3,N3_2_30,1
TAF,N3,N3_2_40,1
TAF,N3,N3_2_50,1
TAF,N3,N3_2_70,1
TAF,N3,N3_2_80,1
TAF,N3,N3_3_10,4
TAF,N3,N3_3_140,2
TAF,N3,N3_3_150,1
TAF,N3,N3_3_170,1
TAF,N3,N3_3_180,1
TAF,N3,N3_3_20,1
TAF,N3,N3_3_200,4
TAF,N3,N3_3_50,1
TAF,N3,N3_3_80,2
TAF,N3,N3_3_90,1
TAF,N3,N3_4_10,2
TAF,N3,N3_4_110,1
TAF,N3,N3_4_120,2
TAF,N3,N3_4_130,1
TAF,N3,N3_4_140,1
TAF,N3,N3_4_150,1
TAF,N3,N3_4_180,2
TAF,N3,N3_4_190,2
TAF,N3,N3_4_20,2
TAF,N3,N3_4_210,2
TAF,N3,N3_4_30,5
TAF,N3,N3_4_40,5
TAF,N3,N3_4_50,3
TAF,N3,N3_4_60,2
TAF,N3,N3_4_70,1
TAF,N3,N3_4_90,2
TAF,N3,N3_5_10,3
TAF,N3,N3_5_130,2
TAF,N3,N3_5_140,1
TAF,N3,N3_5_150,1
TAF,N3,N3_5_170,1
TAF,N3,N3_5_180,1
TAF,N3,N3_5_20,2
TAF,N3,N3_5_200,1
TAF,N3,N3_5_30,1
TAF,N3,N3_5_70,1
TAF,N3,N3_5_80,3
TAF,N3,N3_5_90,1
TH,N15,N15  _5_100,1
TH,N15,N15  _5_110,2
TH,N15,N15  _5_120,3
TH,N15,N15  _5_130,3
TH,N15,N15  _5_140,4
TH,N15,N15  _5_150,1
TH,N15,N15  _5_170,1
TH,N15,N15  _5_180,1
TH,N15,N15  _5_30,5
TH,N15,N15  _5_40,2
TH,N15,N15  _5_80,5
TH,N15,N15 _ 4_110,1
TH,N15,N15 _ 4_120,2
TH,N15,N15 _ 4_130,2
TH,N15,N15 _ 4_150,1
TH,N15,N15 _ 4_170,2
TH,N15,N15 _ 4_180,5
TH,N15,N15 _ 4_190,3
TH,N15,N15 _ 4_20,1
TH,N15,N15 _ 4_60,1
TH,N15,N15 _ 4_70,6
TH,N15,N15 _ 4_90,1
TH,N15,N15 _1_10,1
TH,N15,N15 _1_100,4
TH,N15,N15 _1_140,1
TH,N15,N15 _1_150,1
TH,N15,N15 _1_160,1
TH,N15,N15 _1_170,1
TH,N15,N15 _1_180,3
TH,N15,N15 _1_200,4
TH,N15,N15 _1_30,2
TH,N15,N15 _1_40,3
TH,N15,N15 _1_50,2
TH,N15,N15 _1_60,2
TH,N15,N15 _1_70,1
TH,N15,N15 _1_80,1
TH,N15,N15 _2_10,3
TH,N15,N15 _2_100,1
TH,N15,N15 _2_110,1
TH,N15,N15 _2_120,1
TH,N15,N15 _2_130,1
TH,N15,N15 _2_150,1
TH,N15,N15 _2_170,1
TH,N15,N15 _2_190,4
TH,N15,N15 _2_20,2
TH,N15,N15 _2_200,2
TH,N15,N15 _2_30,2
TH,N15,N15 _2_40,1
TH,N15,N15 _2_50,4
TH,N15,N15 _2_60,3
TH,N15,N15 _2_70,1
TH,N15,N15 _2_80,3
TH,N15,N15 _2_90,2
TH,N15,N15 _3_10,2
TH,N15,N15 _3_110,1
TH,N15,N15 _3_120,6
TH,N15,N15 _3_130,1
TH,N15,N15 _3_170,1
TH,N15,N15 _3_190,2
TH,N15,N15 _3_200,3
TH,N15,N15 _3_30,2
TH,N15,N15 _3_60,2
TH,N15,N15 _3_80,1
TH,N3,N3_1_10,1
TH,N3,N3_1_100,1
TH,N3,N3_1_110,2
TH,N3,N3_1_120,2
TH,N3,N3_1_150,1
TH,N3,N3_1_160,1
TH,N3,N3_1_20,1
TH,N3,N3_1_200,9
TH,N3,N3_1_30,1
TH,N3,N3_1_40,4
TH,N3,N3_1_50,1
TH,N3,N3_1_80,2
TH,N3,N3_2_10,3
TH,N3,N3_2_110,3
TH,N3,N3_2_120,1
TH,N3,N3_2_130,1
TH,N3,N3_2_180,1
TH,N3,N3_2_220,2
TH,N3,N3_2_230,1
TH,N3,N3_2_240,1
TH,N3,N3_2_250,3
TH,N3,N3_2_30,3
TH,N3,N3_2_60,1
TH,N3,N3_3_120,1
TH,N3,N3_3_130,1
TH,N3,N3_3_160,2
TH,N3,N3_3_180,1
TH,N3,N3_3_190,1
TH,N3,N3_3_200,1
TH,N3,N3_3_30,2
TH,N3,N3_3_40,1
TH,N3,N3_3_50,1
TH,N3,N3_3_70,3
TH,N3,N3_4_130,2
TH,N3,N3_4_160,4
TH,N3,N3_4_170,1
TH,N3,N3_4_40,1
TH,N3,N3_4_50,1
TH,N3,N3_4_60,2
TH,N3,N3_4_70,1
TH,N3,N3_5_110,2
TH,N3,N3_5_120,4
TH,N3,N3_5_130,4
TH,N3,N3_5_150,2
TH,N3,N3_5_160,1
TH,N3,N3_5_170,1
TH,N3,N3_5_20,5
TH,N3,N3_5_200,2
TH,N3,N3_5_210,1
TH,N3,N3_5_30,1
TH,N3,N3_5_40,1
TH,N3,N3_5_50,3
TH,N3,N3_5_60,4
TH,N3,N3_5_70,4
TH,N3,N3_5_80,4
TH,N3,N3_5_90,2
TN,N15,N15 _1_100,3
TN,N15,N15 _1_110,1
TN,N15,N15 _1_150,1
TN,N15,N15 _1_200,3
TN,N15,N15 _1_60,1
TN,N15,N15 _1_70,1
TN,N15,N15 _1_90,1
TN,N15,N15 _2_110,2
TN,N15,N15 _2_140,1
TN,N15,N15 _2_170,1
TN,N15,N15 _2_180,2
TN,N15,N15 _3_140,2
TN,N15,N15 _3_200,13
TN,N3,N3_1_110,2
TN,N3,N3_1_180,1
TN,N3,N3_1_30,1
TN,N3,N3_1_40,1
TN,N3,N3_1_70,2
TN,N3,N3_1_80,2
TN,N3,N3_1_90,1
TN,N3,N3_2_100,3
TN,N3,N3_2_110,1
TN,N3,N3_2_140,3
TN,N3,N3_2_150,1
TN,N3,N3_2_160,13
TN,N3,N3_2_190,2
TN,N3,N3_2_220,1
TN,N3,N3_2_230,1
TN,N3,N3_2_240,1
TN,N3,N3_2_250,5
TN,N3,N3_2_50,3
TN,N3,N3_2_60,1
TN,N3,N3_2_70,1
TN,N3,N3_2_80,1
TN,N3,N3_3_10,1
TN,N3,N3_3_20,1
TN,N3,N3_3_40,1
TN,N3,N3_3_50,1
TN,N3,N3_3_60,1
TN,N3,N3_3_90,1
TN,N3,N3_4_100,3
TN,N3,N3_4_150,3
TN,N3,N3_4_160,2
TN,N3,N3_4_20,1
TN,N3,N3_4_210,2
TN,N3,N3_4_30,1
TN,N3,N3_4_40,2
TN,N3,N3_4_60,1
TN,N3,N3_5_140,3
TN,N3,N3_5_150,5
TN,N3,N3_5_160,1
TN,N3,N3_5_40,1
TN,N3,N3_5_60,5
TN,N3,N3_5_70,4
TN,N3,N3_5_80,2
TR,N3,N3_2_70,1
TRP,N15,N15  _5_120,2
TRP,N15,N15  _5_130,3
TRP,N15,N15  _5_140,1
TRP,N15,N15  _5_190,2
TRP,N15,N15  _5_200,3
TRP,N15,N15  _5_40,2
TRP,N15,N15  _5_50,1
TRP,N15,N15  _5_70,1
TRP,N15,N15 _ 4_110,3
TRP,N15,N15 _ 4_130,1
TRP,N15,N15 _ 4_150,1
TRP,N15,N15 _ 4_170,3
TRP,N15,N15 _ 4_190,2
TRP,N15,N15 _ 4_20,1
TRP,N15,N15 _ 4_30,1
TRP,N15,N15 _ 4_60,1
TRP,N15,N15 _ 4_80,1
TRP,N15,N15 _1_100,2
TRP,N15,N15 _1_140,1
TRP,N15,N15 _1_150,3
TRP,N15,N15 _1_170,1
TRP,N15,N15 _1_200,2
TRP,N15,N15 _1_30,1
TRP,N15,N15 _1_40,2
TRP,N15,N15 _1_50,1
TRP,N15,N15 _1_70,1
TRP,N15,N15 _2_100,2
TRP,N15,N15 _2_110,2
TRP,N15,N15 _2_160,2
TRP,N15,N15 _2_170,3
TRP,N15,N15 _2_180,1
TRP,N15,N15 _2_190,2
TRP,N15,N15 _2_20,1
TRP,N15,N15 _2_200,3
TRP,N15,N15 _2_80,2
TRP,N15,N15 _3_100,1
TRP,N15,N15 _3_120,1
TRP,N15,N15 _3_130,1
TRP,N15,N15 _3_140,1
TRP,N15,N15 _3_180,1
TRP,N15,N15 _3_190,4
TRP,N15,N15 _3_20,2
TRP,N15,N15 _3_200,2
TRP,N15,N15 _3_60,2
TRP,N15,N15 _3_70,1
TRP,N3,N3_1_10,2
TRP,N3,N3_1_110,1
TRP,N3,N3_1_120,1
TRP,N3,N3_1_130,3
TRP,N3,N3_1_170,1
TRP,N3,N3_1_190,1
TRP,N3,N3_1_20,1
TRP,N3,N3_1_200,1
TRP,N3,N3_1_50,1
TRP,N3,N3_1_60,4
TRP,N3,N3_1_80,2
TRP,N3,N3_2_10,1
TRP,N3,N3_2_140,1
TRP,N3,N3_2_170,3
TRP,N3,N3_2_200,1
TRP,N3,N3_2_220,1
TRP,N3,N3_2_30,1
TRP,N3,N3_2_90,1
TRP,N3,N3_3_150,3
TRP,N3,N3_3_160,3
TRP,N3,N3_3_170,5
TRP,N3,N3_3_180,3
TRP,N3,N3_3_20,4
TRP,N3,N3_3_200,3
TRP,N3,N3_3_40,1
TRP,N3,N3_3_60,1
TRP,N3,N3_3_70,2
TRP,N3,N3_3_90,1
TRP,N3,N3_4_100,2
TRP,N3,N3_4_150,1
TRP,N3,N3_4_160,4
TRP,N3,N3_4_190,3
TRP,N3,N3_4_200,4
TRP,N3,N3_4_210,1
TRP,N3,N3_4_30,1
TRP,N3,N3_4_40,2
TRP,N3,N3_4_60,1
TRP,N3,N3_4_70,2
TRP,N3,N3_5_10,5
TRP,N3,N3_5_160,1
TRP,N3,N3_5_40,1
TRP,N3,N3_5_50,1
TRR,N15,N15  _5_100,2
TRR,N15,N15  _5_110,1
TRR,N15,N15  _5_130,1
TRR,N15,N15  _5_150,1
TRR,N15,N15  _5_160,2
TRR,N15,N15  _5_200,4
TRR,N15,N15  _5_40,3
TRR,N15,N15  _5_50,4
TRR,N15,N15  _5_70,1
TRR,N15,N15 _ 4_100,1
TRR,N15,N15 _ 4_110,2
TRR,N15,N15 _ 4_120,1
TRR,N15,N15 _ 4_150,1
TRR,N15,N15 _ 4_170,4
TRR,N15,N15 _ 4_190,4
TRR,N15,N15 _ 4_30,1
TRR,N15,N15 _ 4_40,1
TRR,N15,N15 _ 4_50,1
TRR,N15,N15 _ 4_70,2
TRR,N15,N15 _ 4_80,1
TRR,N15,N15 _1_100,1
TRR,N15,N15 _1_20,2
TRR,N15,N15 _1_60,3
TRR,N15,N15 _1_70,1
TRR,N15,N15 _2_100,1
TRR,N15,N15 _2_120,2
TRR,N15,N15 _2_160,1
TRR,N15,N15 _2_190,1
TRR,N15,N15 _2_30,1
TRR,N15,N15 _2_60,1
TRR,N15,N15 _3_120,3
TRR,N15,N15 _3_130,1
TRR,N15,N15 _3_150,3
TRR,N15,N15 _3_180,1
TRR,N15,N15 _3_200,11
TRR,N15,N15 _3_30,1
TRR,N15,N15 _3_50,1
TRR,N15,N15 _3_90,1
TRR,N3,N3_1_160,1
TRR,N3,N3_1_30,4
TRR,N3,N3_1_40,1
TRR,N3,N3_1_50,1
TRR,N3,N3_1_90,1
TRR,N3,N3_2_130,2
TRR,N3,N3_2_140,2
TRR,N3,N3_2_170,3
TRR,N3,N3_2_180,2
TRR,N3,N3_2_70,1
TRR,N3,N3_3_10,2
TRR,N3,N3_3_110,1
TRR,N3,N3_3_120,1
TRR,N3,N3_3_160,1
TRR,N3,N3_3_20,2
TRR,N3,N3_3_30,1
TRR,N3,N3_3_70,1
TRR,N3,N3_4_10,2
TRR,N3,N3_4_120,1
TRR,N3,N3_4_150,4
TRR,N3,N3_4_170,4
TRR,N3,N3_4_190,1
TRR,N3,N3_4_40,3
TRR,N3,N3_4_50,1
TRR,N3,N3_4_60,1
TRR,N3,N3_4_70,1
TRR,N3,N3_5_130,1
TRR,N3,N3_5_140,2
TRR,N3,N3_5_210,3
TRR,N3,N3_5_30,2
TRR,N3,N3_5_90,1
TT,N3,N3_1_100,1
TT,N3,N3_1_170,1
TT,N3,N3_2_100,1
TT,N3,N3_2_70,1
TT,N3,N3_3_180,1
TT,N3,N3_4_50,1
TT,N3,N3_4_90,1
UC,N15,N15 _1_30,2
UC,N15,N15 _3_190,1
UC,N15,N15 _3_200,2
UC,N3,N3_1_100,1
UC,N3,N3_1_200,1
UC,N3,N3_3_110,3
UC,N3,N3_3_120,2
UC,N3,N3_3_130,3
UC,N3,N3_3_140,1
UC,N3,N3_3_150,1
UC,N3,N3_3_160,5
UC,N3,N3_3_180,1
UC,N3,N3_3_200,3
UC,N3,N3_3_40,1
UC,N3,N3_3_50,2
UC,N3,N3_3_60,3
UC,N3,N3_3_70,3
UC,N3,N3_3_80,1
UC,N3,N3_3_90,3
UC,N3,N3_4_170,2
UC,N3,N3_4_20,4
UC,N3,N3_4_30,2
UC,N3,N3_5_200,1
UC,N3,N3_5_30,3
UC,N3,N3_5_40,1
UC,N3,N3_5_50,1
UC,N3,N3_5_60,2
UNK,N15,N15  _5_20,1
UNK,N15,N15  _5_30,1
UNK,N15,N15 _ 4_110,2
UNK,N15,N15 _ 4_130,1
UNK,N15,N15 _ 4_180,2
UNK,N15,N15 _ 4_20,3
UNK,N15,N15 _ 4_70,2
UNK,N15,N15 _ 4_90,2
UNK,N15,N15 _1_70,3
UNK,N3,N3_1_130,2
UNK,N3,N3_1_140,3
UNK,N3,N3_1_70,4
UNK,N3,N3_2_100,1
UNK,N3,N3_2_130,10
UNK,N3,N3_2_70,1
UNK,N3,N3_3_120,1
UNK,N3,N3_3_160,1
UNK,N3,N3_3_190,1
UNK,N3,N3_3_90,1
UNK,N3,N3_4_120,2
UNK,N3,N3_4_150,3
UNK,N3,N3_4_20,3
UNK,N3,N3_4_90,2
UNK,N3,N3_5_110,4
UNK,N3,N3_5_150,2
UNK,N3,N3_5_90,1
UNK2,N15,N15  _5_120,2
UNK2,N15,N15  _5_160,1
UNK2,N15,N15  _5_180,1
UNK2,N3,N3_2_160,2
UNKI,N15,N15  _5_80,1
